id,status,severity,scope,actual,expected,evidence,impact
CONFIG-EMERGENCY-DISPLAY-THRESHOLD,PASS,critical,config/final.yaml,"{'configured_kwh': 5e-05, 'derived_kwh': 5e-05, 'display_decimals': 4, 'config_exists': True}",Threshold equals half one unit in the configured display precision.,config/final.yaml,A larger threshold may omit a visible record; a smaller threshold changes declared grouping semantics.
INPUT-FILES,PASS,critical,附件1-4,{'missing': []},All four attachments exist.,<project_root>/../../../../Desktop/CUMCM2026Problems/C题/附件,Missing inputs prevent reconstruction.
INPUT-ATTACHMENT1,PASS,critical,附件1 Sheet1,"{'header': ('时间', '电价', '小区负载', '光伏发电预测功率'), 'rows': 144, 'unique_times': 144, 'ordered_times': True, 'numeric_scan': {'required_cells': 432, 'valid_numeric_cells': 432, 'error_count': 0, 'samples': []}}","Exact 4 fields, ordered 00:10..24:00, 144 unique timestamps, and 432 finite numeric cells.",<project_root>/../../../../Desktop/CUMCM2026Problems/C题/附件/附件1.xlsx,Defines Q1 and the fixed tariff.
INPUT-附件2.xlsx-小区负载,PASS,critical,附件2.xlsx/小区负载,"{'rows': 365, 'dates': 365, 'unique_dates': 365, 'date_start': '2025-01-01', 'date_end': '2025-12-31', 'date_errors': [], 'intervals': 144, 'unique_times': 144, 'ordered_times': True, 'numeric_scan': {'required_cells': 52560, 'valid_numeric_cells': 52560, 'error_count': 0, 'samples': []}}",365 ordered unique dates and 144 ordered unique timestamps; every data cell finite numeric.,<project_root>/../../../../Desktop/CUMCM2026Problems/C题/附件/附件2.xlsx,"A gap, duplicate or reordered interval contaminates all annual results."
INPUT-附件2.xlsx-光伏发电实际功率,PASS,critical,附件2.xlsx/光伏发电实际功率,"{'rows': 365, 'dates': 365, 'unique_dates': 365, 'date_start': '2025-01-01', 'date_end': '2025-12-31', 'date_errors': [], 'intervals': 144, 'unique_times': 144, 'ordered_times': True, 'numeric_scan': {'required_cells': 52560, 'valid_numeric_cells': 52560, 'error_count': 0, 'samples': []}}",365 ordered unique dates and 144 ordered unique timestamps; every data cell finite numeric.,<project_root>/../../../../Desktop/CUMCM2026Problems/C题/附件/附件2.xlsx,"A gap, duplicate or reordered interval contaminates all annual results."
INPUT-附件4.xlsx-Sheet1,PASS,critical,附件4.xlsx/Sheet1,"{'rows': 365, 'dates': 365, 'unique_dates': 365, 'date_start': '2025-01-01', 'date_end': '2025-12-31', 'date_errors': [], 'intervals': 144, 'unique_times': 144, 'ordered_times': True, 'numeric_scan': {'required_cells': 52560, 'valid_numeric_cells': 52560, 'error_count': 0, 'samples': []}}",365 ordered unique dates and 144 ordered unique timestamps; every data cell finite numeric.,<project_root>/../../../../Desktop/CUMCM2026Problems/C题/附件/附件4.xlsx,"A gap, duplicate or reordered interval contaminates all annual results."
INPUT-ATTACHMENT3,PASS,critical,附件3,"{'header_ok': True, 'records': 1460, 'dates': 365, 'bad_dates': [], 'issue_sequence_errors': {}, 'numeric_scan': {'required_cells': 35040, 'valid_numeric_cells': 35040, 'error_count': 0, 'samples': []}}","365 dates x 4 releases (00/06/12/18) x 24 finite forecasts, in exact order.",<project_root>/../../../../Desktop/CUMCM2026Problems/C题/附件/附件3.xlsx,Forecast gaps or release-time shifts create information leakage or missing decisions.
TEMPLATE-result1.xlsx,PASS,critical,result1.xlsx,"{'sheets': ['计划购电量', '充放电量'], 'plan_rows': 144, 'unique_interval_labels': 144, 'formula_errors': {'error_count': 0, 'samples': []}}",Official template has exact date population and 144 unique ordered interval labels with no formula-error literals.,<project_root>/../../../../Desktop/CUMCM2026Problems/C题/附件/附件5/result1.xlsx,The template is the schema authority for the result workbook.
TEMPLATE-result2.xlsx,PASS,critical,result2.xlsx,"{'sheets': ['计划购电量', '充放电量', '紧急购电量'], 'plan_days': 334, 'unique_dates': 334, 'date_start': '2025-02-01', 'date_end': '2025-12-31', 'interval_headers': 144, 'unique_interval_headers': 144, 'formula_errors': {'error_count': 0, 'samples': []}}",Official template has exact date population and 144 unique ordered interval labels with no formula-error literals.,<project_root>/../../../../Desktop/CUMCM2026Problems/C题/附件/附件5/result2.xlsx,The template is the schema authority for the result workbook.
TEMPLATE-result3.xlsx,PASS,critical,result3.xlsx,"{'sheets': ['计划购电量', '调整购电量', '充放电量', '紧急购电量'], 'plan_days': 334, 'unique_dates': 334, 'date_start': '2025-02-01', 'date_end': '2025-12-31', 'interval_headers': 144, 'unique_interval_headers': 144, 'formula_errors': {'error_count': 0, 'samples': []}}",Official template has exact date population and 144 unique ordered interval labels with no formula-error literals.,<project_root>/../../../../Desktop/CUMCM2026Problems/C题/附件/附件5/result3.xlsx,The template is the schema authority for the result workbook.
TEMPLATE-result4-2.xlsx,PASS,critical,result4-2.xlsx,"{'sheets': ['计划购电量', '充放电量', '紧急购电量'], 'plan_days': 334, 'unique_dates': 334, 'date_start': '2025-02-01', 'date_end': '2025-12-31', 'interval_headers': 144, 'unique_interval_headers': 144, 'formula_errors': {'error_count': 0, 'samples': []}}",Official template has exact date population and 144 unique ordered interval labels with no formula-error literals.,<project_root>/../../../../Desktop/CUMCM2026Problems/C题/附件/附件5/result4-2.xlsx,The template is the schema authority for the result workbook.
TEMPLATE-result4-3.xlsx,PASS,critical,result4-3.xlsx,"{'sheets': ['计划购电量', '调整购电量', '充放电量', '紧急购电量'], 'plan_days': 334, 'unique_dates': 334, 'date_start': '2025-02-01', 'date_end': '2025-12-31', 'interval_headers': 144, 'unique_interval_headers': 144, 'formula_errors': {'error_count': 0, 'samples': []}}",Official template has exact date population and 144 unique ordered interval labels with no formula-error literals.,<project_root>/../../../../Desktop/CUMCM2026Problems/C题/附件/附件5/result4-3.xlsx,The template is the schema authority for the result workbook.
LEGACY-AUDIT-PRESERVED,PASS,high,outputs/c_audit_v1,"{'source_files': 2, 'missing': [], 'status_counts': {'PASS': 52, 'WARN': 7, 'NOT_VERIFIABLE': 4, 'FAIL': 1}, 'nonpass_count': 12}",Legacy checks and all non-PASS statuses are copied verbatim with source hashes.,outputs/c_final_v1/audit/legacy_audit_snapshot.json,New passes must not erase historical failures or unverifiable claims.
FINAL-result1.xlsx-SCHEMA,PASS,critical,result1.xlsx,"{'missing_official_sheets': [], 'header_differences': {}, 'extra_sheets': []}",All official sheets and their complete header rows exactly match the supplied template; evidence sheets may be additional.,outputs/c_final_v1/workbooks/result1.xlsx vs <project_root>/../../../../Desktop/CUMCM2026Problems/C题/附件/附件5/result1.xlsx,Schema drift can make the submission ungradable.
FINAL-result1.xlsx-FORMULA-ERRORS,PASS,critical,result1.xlsx,"{'error_count': 0, 'samples': []}",No formula-error cells in formula or cached-value views.,outputs/c_final_v1/workbooks/result1.xlsx,Formula errors can be hidden by displayed totals.
FINAL-result1.xlsx-计划购电量-COVERAGE,PASS,critical,result1.xlsx/计划购电量,"{'header_exact': True, 'rows': 144, 'unique_labels': 144, 'label_order_exact': True, 'numeric_scan': {'required_cells': 144, 'valid_numeric_cells': 144, 'error_count': 0, 'samples': []}}",Exact template header and label order; exact date population; all required result cells finite numeric.,outputs/c_final_v1/workbooks/result1.xlsx vs <project_root>/../../../../Desktop/CUMCM2026Problems/C题/附件/附件5/result1.xlsx,Official-table gaps or schema drift invalidate the submission.
FINAL-result1.xlsx-DETAIL-SOURCE,PASS,critical,result1.xlsx,"{'source': 'outputs/c_final_v1/frozen/q1_dispatch.csv', 'source_kind': 'full_precision_csv'}",Independent full-precision dispatch CSV.,outputs/c_final_v1/frozen/q1_dispatch.csv,Rounded workbook cells cannot prove LP feasibility at full precision.
FINAL-result1.xlsx-DETAIL-COVERAGE,PASS,critical,result1.xlsx,"{'source': 'outputs/c_final_v1/frozen/q1_dispatch.csv', 'scan': {'rows': 144, 'valid_rows': 144, 'error_count': 0, 'samples': []}, 'rows': 144, 'unique_positions': 144, 'ordered_positions': True}",144 valid rows with ordered unique positions 1..144.,outputs/c_final_v1/frozen/q1_dispatch.csv,Q1 gaps invalidate feasibility and cost.
FINAL-result1.xlsx-PHYSICS,PASS,critical,result1.xlsx,"{'balance_max_kwh': 2.2737367544323206e-13, 'soc_dynamic_max_kwh': 8.313350008393172e-13, 'continuity_max_kwh': 0.0, 'soc_min_kwh': 1200.0, 'soc_max_kwh': 10800.0, 'step_power_max_kwh': 833.3333333333333, 'simultaneous_count': 0, 'negative_count': 0, 'endpoints': {'initial': 6000.0, 'terminal': 6000.0}}",Balance/SOC residual <= 0.00021; continuous SOC; bounds; no simultaneous charge/discharge; endpoints 6000.0->6000.0.,independent recomputation from dispatch detail,Physical infeasibility invalidates the strategy.
FINAL-result1.xlsx-SOURCE-MAPPING,PASS,critical,result1.xlsx,"{'maximum_errors': {'load_kwh': 0.0, 'pv_kwh': 0.0, 'price': 0.0}, 'errors': []}",Every realized load/PV energy and settlement price equals the same date/position in attachments within 1e-07.,dispatch detail vs 附件1/2/4,An off-by-one interval or wrong date invalidates all costs and balances.
FINAL-result1.xlsx-计划购电量-VALUES,PASS,critical,result1.xlsx/计划购电量,"{'cell_max_error': 0.0, 'errors': []}",All 144 official quantities equal the four-decimal rendering of full-precision detail.,outputs/c_final_v1/workbooks/result1.xlsx:计划购电量,Q1 official cells must trace to the frozen LP result.
FINAL-result1.xlsx-4H,PASS,high,result1.xlsx/充放电量,"{'header_exact': True, 'date_blocks': 1, 'observed_dates': [], 'missing_required_dates': [], 'bad_blocks': {}, 'maximum_errors': {'charge': 0.0, 'discharge': 0.0}, 'errors': []}",Every included date has six ordered unique four-hour groups; required dates are present; charge/discharge equal full-precision sums rendered to four decimals.,outputs/c_final_v1/workbooks/result1.xlsx:充放电量,Four-hour summaries are required outputs and must reconcile to the same detail.
FINAL-result1.xlsx-COST,PASS,critical,result1.xlsx,"{'stored_components_complete': True, 'row_max_errors_yuan': {'plan': 0.0, 'emergency': 0.0, 'total': 0.0}, 'totals': {'plan_yuan': 35126.94858928963, 'emergency_yuan': 0.0, 'total_yuan': 35126.94858928963}}","Every row independently reproduces plan pB, emergency 5pQ and their total from full precision.",dispatch detail,Q2/Q4-2 reported costs must include all realized settlement terms.
FINAL-result2.xlsx-SCHEMA,PASS,critical,result2.xlsx,"{'missing_official_sheets': [], 'header_differences': {}, 'extra_sheets': []}",All official sheets and their complete header rows exactly match the supplied template; evidence sheets may be additional.,outputs/c_final_v1/workbooks/result2.xlsx vs <project_root>/../../../../Desktop/CUMCM2026Problems/C题/附件/附件5/result2.xlsx,Schema drift can make the submission ungradable.
FINAL-result2.xlsx-FORMULA-ERRORS,PASS,critical,result2.xlsx,"{'error_count': 0, 'samples': []}",No formula-error cells in formula or cached-value views.,outputs/c_final_v1/workbooks/result2.xlsx,Formula errors can be hidden by displayed totals.
FINAL-result2.xlsx-计划购电量-COVERAGE,PASS,critical,result2.xlsx/计划购电量,"{'header_exact': True, 'days': 334, 'unique_dates': 334, 'date_order_exact': True, 'date_errors': [], 'intervals': 144, 'unique_interval_labels': 144, 'numeric_scan': {'required_cells': 48764, 'valid_numeric_cells': 48764, 'error_count': 0, 'samples': []}}",Exact template header and label order; exact date population; all required result cells finite numeric.,outputs/c_final_v1/workbooks/result2.xlsx vs <project_root>/../../../../Desktop/CUMCM2026Problems/C题/附件/附件5/result2.xlsx,Official-table gaps or schema drift invalidate the submission.
FINAL-result2.xlsx-DETAIL-SOURCE,PASS,critical,result2.xlsx,"{'source': 'outputs/c_final_v1/frozen/q2_dispatch.csv', 'source_kind': 'full_precision_csv'}","Independent full-precision dispatch CSV, not a rounded workbook-detail fallback.",outputs/c_final_v1/frozen/q2_dispatch.csv,Rounded cells cannot authenticate full-precision interval grouping or costs.
FINAL-result2.xlsx-DETAIL-COVERAGE,PASS,critical,result2.xlsx,"{'source': 'outputs/c_final_v1/frozen/q2_dispatch.csv', 'source_kind': 'full_precision_csv', 'numeric_scan': {'rows': 48096, 'valid_rows': 48096, 'error_count': 0, 'samples': []}, 'rows': 48096, 'days': 334, 'date_start': '2025-02-01', 'date_end': '2025-12-31', 'bad_days': {}}",48096 valid rows; exact 2025-02-01..12-31 sequence; each date has ordered unique positions 1..144 and labels exactly follow the physical or official convention.,outputs/c_final_v1/frozen/q2_dispatch.csv,Missing or duplicated intervals invalidate costs and SOC continuity.
FINAL-result2.xlsx-DISPATCH-CAUSALITY,PASS,critical,result2.xlsx,"{'rows': 48096, 'missing_history_cutoff': 0, 'noncausal_or_invalid': 0, 'samples': []}",Every dispatch row records a history cutoff strictly earlier than its decision date.,full-precision dispatch detail,A physical backtest does not prove an executable information set.
FINAL-result2.xlsx-PHYSICS,PASS,critical,result2.xlsx,"{'balance_max_kwh': 3.410605131648481e-13, 'soc_dynamic_max_kwh': 1.0231815394945443e-12, 'continuity_max_kwh': 0.0, 'soc_min_kwh': 1200.0, 'soc_max_kwh': 10800.0, 'step_power_max_kwh': 833.3333333333334, 'simultaneous_count': 0, 'negative_count': 0, 'endpoints': {'initial': 6000.0, 'terminal': 6000.0}}",Balance/SOC residual <= 0.00021; continuous SOC; bounds; no simultaneous charge/discharge; endpoints 6000.0->6000.0.,independent recomputation from dispatch detail,Physical infeasibility invalidates the strategy.
FINAL-result2.xlsx-SOURCE-MAPPING,PASS,critical,result2.xlsx,"{'maximum_errors': {'load_kwh': 0.0, 'pv_kwh': 0.0, 'price': 0.0}, 'errors': []}",Every realized load/PV energy and settlement price equals the same date/position in attachments within 1e-07.,dispatch detail vs 附件1/2/4,An off-by-one interval or wrong date invalidates all costs and balances.
FINAL-result2.xlsx-计划购电量-VALUES,PASS,critical,result2.xlsx/计划购电量,"{'detail_field': 'plan', 'cell_max_error': 0.0, 'daily_energy_max_error': 0.0, 'daily_cost_max_error': 0.0, 'errors': []}",All 10-minute cells and each daily energy/cost total equal the 4-decimal half-up rendering of full-precision detail.,outputs/c_final_v1/workbooks/result2.xlsx:计划购电量,"Official cells, aggregates and paper totals must share one frozen result source."
FINAL-result2.xlsx-4H,PASS,high,result2.xlsx/充放电量,"{'header_exact': True, 'date_blocks': 334, 'observed_dates': ['2025-02-01', '2025-02-02', '2025-02-03', '2025-02-04', '2025-02-05', '2025-02-06', '2025-02-07', '2025-02-08', '2025-02-09', '2025-02-10', '2025-02-11', '2025-02-12', '2025-02-13', '2025-02-14', '2025-02-15', '2025-02-16', '2025-02-17', '2025-02-18', '2025-02-19', '2025-02-20', '2025-02-21', '2025-02-22', '2025-02-23', '2025-02-24', '2025-02-25', '2025-02-26', '2025-02-27', '2025-02-28', '2025-03-01', '2025-03-02', '2025-03-03', '2025-03-04', '2025-03-05', '2025-03-06', '2025-03-07', '2025-03-08', '2025-03-09', '2025-03-10', '2025-03-11', '2025-03-12', '2025-03-13', '2025-03-14', '2025-03-15', '2025-03-16', '2025-03-17', '2025-03-18', '2025-03-19', '2025-03-20', '2025-03-21', '2025-03-22', '2025-03-23', '2025-03-24', '2025-03-25', '2025-03-26', '2025-03-27', '2025-03-28', '2025-03-29', '2025-03-30', '2025-03-31', '2025-04-01', '2025-04-02', '2025-04-03', '2025-04-04', '2025-04-05', '2025-04-06', '2025-04-07', '2025-04-08', '2025-04-09', '2025-04-10', '2025-04-11', '2025-04-12', '2025-04-13', '2025-04-14', '2025-04-15', '2025-04-16', '2025-04-17', '2025-04-18', '2025-04-19', '2025-04-20', '2025-04-21', '2025-04-22', '2025-04-23', '2025-04-24', '2025-04-25', '2025-04-26', '2025-04-27', '2025-04-28', '2025-04-29', '2025-04-30', '2025-05-01', '2025-05-02', '2025-05-03', '2025-05-04', '2025-05-05', '2025-05-06', '2025-05-07', '2025-05-08', '2025-05-09', '2025-05-10', '2025-05-11', '2025-05-12', '2025-05-13', '2025-05-14', '2025-05-15', '2025-05-16', '2025-05-17', '2025-05-18', '2025-05-19', '2025-05-20', '2025-05-21', '2025-05-22', '2025-05-23', '2025-05-24', '2025-05-25', '2025-05-26', '2025-05-27', '2025-05-28', '2025-05-29', '2025-05-30', '2025-05-31', '2025-06-01', '2025-06-02', '2025-06-03', '2025-06-04', '2025-06-05', '2025-06-06', '2025-06-07', '2025-06-08', '2025-06-09', '2025-06-10', '2025-06-11', '2025-06-12', '2025-06-13', '2025-06-14', '2025-06-15', '2025-06-16', '2025-06-17', '2025-06-18', '2025-06-19', '2025-06-20', '2025-06-21', '2025-06-22', '2025-06-23', '2025-06-24', '2025-06-25', '2025-06-26', '2025-06-27', '2025-06-28', '2025-06-29', '2025-06-30', '2025-07-01', '2025-07-02', '2025-07-03', '2025-07-04', '2025-07-05', '2025-07-06', '2025-07-07', '2025-07-08', '2025-07-09', '2025-07-10', '2025-07-11', '2025-07-12', '2025-07-13', '2025-07-14', '2025-07-15', '2025-07-16', '2025-07-17', '2025-07-18', '2025-07-19', '2025-07-20', '2025-07-21', '2025-07-22', '2025-07-23', '2025-07-24', '2025-07-25', '2025-07-26', '2025-07-27', '2025-07-28', '2025-07-29', '2025-07-30', '2025-07-31', '2025-08-01', '2025-08-02', '2025-08-03', '2025-08-04', '2025-08-05', '2025-08-06', '2025-08-07', '2025-08-08', '2025-08-09', '2025-08-10', '2025-08-11', '2025-08-12', '2025-08-13', '2025-08-14', '2025-08-15', '2025-08-16', '2025-08-17', '2025-08-18', '2025-08-19', '2025-08-20', '2025-08-21', '2025-08-22', '2025-08-23', '2025-08-24', '2025-08-25', '2025-08-26', '2025-08-27', '2025-08-28', '2025-08-29', '2025-08-30', '2025-08-31', '2025-09-01', '2025-09-02', '2025-09-03', '2025-09-04', '2025-09-05', '2025-09-06', '2025-09-07', '2025-09-08', '2025-09-09', '2025-09-10', '2025-09-11', '2025-09-12', '2025-09-13', '2025-09-14', '2025-09-15', '2025-09-16', '2025-09-17', '2025-09-18', '2025-09-19', '2025-09-20', '2025-09-21', '2025-09-22', '2025-09-23', '2025-09-24', '2025-09-25', '2025-09-26', '2025-09-27', '2025-09-28', '2025-09-29', '2025-09-30', '2025-10-01', '2025-10-02', '2025-10-03', '2025-10-04', '2025-10-05', '2025-10-06', '2025-10-07', '2025-10-08', '2025-10-09', '2025-10-10', '2025-10-11', '2025-10-12', '2025-10-13', '2025-10-14', '2025-10-15', '2025-10-16', '2025-10-17', '2025-10-18', '2025-10-19', '2025-10-20', '2025-10-21', '2025-10-22', '2025-10-23', '2025-10-24', '2025-10-25', '2025-10-26', '2025-10-27', '2025-10-28', '2025-10-29', '2025-10-30', '2025-10-31', '2025-11-01', '2025-11-02', '2025-11-03', '2025-11-04', '2025-11-05', '2025-11-06', '2025-11-07', '2025-11-08', '2025-11-09', '2025-11-10', '2025-11-11', '2025-11-12', '2025-11-13', '2025-11-14', '2025-11-15', '2025-11-16', '2025-11-17', '2025-11-18', '2025-11-19', '2025-11-20', '2025-11-21', '2025-11-22', '2025-11-23', '2025-11-24', '2025-11-25', '2025-11-26', '2025-11-27', '2025-11-28', '2025-11-29', '2025-11-30', '2025-12-01', '2025-12-02', '2025-12-03', '2025-12-04', '2025-12-05', '2025-12-06', '2025-12-07', '2025-12-08', '2025-12-09', '2025-12-10', '2025-12-11', '2025-12-12', '2025-12-13', '2025-12-14', '2025-12-15', '2025-12-16', '2025-12-17', '2025-12-18', '2025-12-19', '2025-12-20', '2025-12-21', '2025-12-22', '2025-12-23', '2025-12-24', '2025-12-25', '2025-12-26', '2025-12-27', '2025-12-28', '2025-12-29', '2025-12-30', '2025-12-31'], 'missing_required_dates': [], 'bad_blocks': {}, 'maximum_errors': {'charge': 0.0, 'discharge': 0.0}, 'errors': []}",Every included date has six ordered unique four-hour groups; required dates are present; charge/discharge equal full-precision sums rendered to four decimals.,outputs/c_final_v1/workbooks/result2.xlsx:充放电量,Four-hour summaries are required outputs and must reconcile to the same detail.
FINAL-result2.xlsx-EMERGENCY-SEGMENTS,PASS,critical,result2.xlsx,"{'threshold_kwh': 5e-05, 'rounding_rule': 'ROUND_HALF_UP to 4 decimals', 'detail_source': 'outputs/c_final_v1/frozen/q2_dispatch.csv', 'expected_segments': 3982, 'actual_segments': 3982, 'sheet_scan': {'error_count': 0, 'samples': []}, 'missing_count': 0, 'missing_samples': [], 'extra_count': 0, 'extra_samples': [], 'amount_error_count': 0, 'amount_error_samples': [], 'order_exact': True}","Every displayed segment exactly equals the contiguous non-display-zero full-precision records, in chronological order.",outputs/c_final_v1/workbooks/result2.xlsx:紧急购电量,A total-only comparison can hide omitted or incorrectly split intervals.
FINAL-result2.xlsx-COST,PASS,critical,result2.xlsx,"{'stored_components_complete': True, 'row_max_errors_yuan': {'plan': 0.0, 'emergency': 0.0, 'total': 0.0}, 'totals': {'plan_yuan': 12208901.14506564, 'emergency_yuan': 5437893.674695395, 'total_yuan': 17646794.819760937}}","Every row independently reproduces plan pB, emergency 5pQ and their total from full precision.",dispatch detail,Q2/Q4-2 reported costs must include all realized settlement terms.
FINAL-result3.xlsx-SCHEMA,PASS,critical,result3.xlsx,"{'missing_official_sheets': [], 'header_differences': {}, 'extra_sheets': []}",All official sheets and their complete header rows exactly match the supplied template; evidence sheets may be additional.,outputs/c_final_v1/workbooks/result3.xlsx vs <project_root>/../../../../Desktop/CUMCM2026Problems/C题/附件/附件5/result3.xlsx,Schema drift can make the submission ungradable.
FINAL-result3.xlsx-FORMULA-ERRORS,PASS,critical,result3.xlsx,"{'error_count': 0, 'samples': []}",No formula-error cells in formula or cached-value views.,outputs/c_final_v1/workbooks/result3.xlsx,Formula errors can be hidden by displayed totals.
FINAL-result3.xlsx-计划购电量-COVERAGE,PASS,critical,result3.xlsx/计划购电量,"{'header_exact': True, 'days': 334, 'unique_dates': 334, 'date_order_exact': True, 'date_errors': [], 'intervals': 144, 'unique_interval_labels': 144, 'numeric_scan': {'required_cells': 48764, 'valid_numeric_cells': 48764, 'error_count': 0, 'samples': []}}",Exact template header and label order; exact date population; all required result cells finite numeric.,outputs/c_final_v1/workbooks/result3.xlsx vs <project_root>/../../../../Desktop/CUMCM2026Problems/C题/附件/附件5/result3.xlsx,Official-table gaps or schema drift invalidate the submission.
FINAL-result3.xlsx-调整购电量-COVERAGE,PASS,critical,result3.xlsx/调整购电量,"{'header_exact': True, 'days': 334, 'unique_dates': 334, 'date_order_exact': True, 'date_errors': [], 'intervals': 144, 'unique_interval_labels': 144, 'numeric_scan': {'required_cells': 48764, 'valid_numeric_cells': 48764, 'error_count': 0, 'samples': []}}",Exact template header and label order; exact date population; all required result cells finite numeric.,outputs/c_final_v1/workbooks/result3.xlsx vs <project_root>/../../../../Desktop/CUMCM2026Problems/C题/附件/附件5/result3.xlsx,Official-table gaps or schema drift invalidate the submission.
FINAL-result3.xlsx-DETAIL-SOURCE,PASS,critical,result3.xlsx,"{'source': 'outputs/c_final_v1/frozen/q3_dispatch.csv', 'source_kind': 'full_precision_csv'}","Independent full-precision dispatch CSV, not a rounded workbook-detail fallback.",outputs/c_final_v1/frozen/q3_dispatch.csv,Rounded cells cannot authenticate full-precision interval grouping or costs.
FINAL-result3.xlsx-DETAIL-COVERAGE,PASS,critical,result3.xlsx,"{'source': 'outputs/c_final_v1/frozen/q3_dispatch.csv', 'source_kind': 'full_precision_csv', 'numeric_scan': {'rows': 48096, 'valid_rows': 48096, 'error_count': 0, 'samples': []}, 'rows': 48096, 'days': 334, 'date_start': '2025-02-01', 'date_end': '2025-12-31', 'bad_days': {}}",48096 valid rows; exact 2025-02-01..12-31 sequence; each date has ordered unique positions 1..144 and labels exactly follow the physical or official convention.,outputs/c_final_v1/frozen/q3_dispatch.csv,Missing or duplicated intervals invalidate costs and SOC continuity.
FINAL-result3.xlsx-DISPATCH-CAUSALITY,PASS,critical,result3.xlsx,"{'rows': 48096, 'missing_history_cutoff': 0, 'noncausal_or_invalid': 0, 'samples': []}",Every dispatch row records a history cutoff strictly earlier than its decision date.,full-precision dispatch detail,A physical backtest does not prove an executable information set.
FINAL-result3.xlsx-PHYSICS,PASS,critical,result3.xlsx,"{'balance_max_kwh': 2.8421709430404007e-13, 'soc_dynamic_max_kwh': 9.094947017729282e-13, 'continuity_max_kwh': 0.0, 'soc_min_kwh': 1199.9999999999964, 'soc_max_kwh': 10800.000000000007, 'step_power_max_kwh': 833.3333333333335, 'simultaneous_count': 0, 'negative_count': 0, 'endpoints': {'initial': 6000.0, 'terminal': 6000.0}}",Balance/SOC residual <= 0.00021; continuous SOC; bounds; no simultaneous charge/discharge; endpoints 6000.0->6000.0.,independent recomputation from dispatch detail,Physical infeasibility invalidates the strategy.
FINAL-result3.xlsx-SOURCE-MAPPING,PASS,critical,result3.xlsx,"{'maximum_errors': {'load_kwh': 0.0, 'pv_kwh': 0.0, 'price': 0.0}, 'errors': []}",Every realized load/PV energy and settlement price equals the same date/position in attachments within 1e-07.,dispatch detail vs 附件1/2/4,An off-by-one interval or wrong date invalidates all costs and balances.
FINAL-result3.xlsx-计划购电量-VALUES,PASS,critical,result3.xlsx/计划购电量,"{'detail_field': 'plan', 'cell_max_error': 0.0, 'daily_energy_max_error': 0.0, 'daily_cost_max_error': 0.0, 'errors': []}",All 10-minute cells and each daily energy/cost total equal the 4-decimal half-up rendering of full-precision detail.,outputs/c_final_v1/workbooks/result3.xlsx:计划购电量,"Official cells, aggregates and paper totals must share one frozen result source."
FINAL-result3.xlsx-调整购电量-VALUES,PASS,critical,result3.xlsx/调整购电量,"{'detail_field': 'adjusted', 'cell_max_error': 0.0, 'daily_energy_max_error': 0.0, 'daily_cost_max_error': 0.0, 'errors': []}",All 10-minute cells and each daily energy/cost total equal the 4-decimal half-up rendering of full-precision detail.,outputs/c_final_v1/workbooks/result3.xlsx:调整购电量,"Official cells, aggregates and paper totals must share one frozen result source."
FINAL-result3.xlsx-4H,PASS,high,result3.xlsx/充放电量,"{'header_exact': True, 'date_blocks': 334, 'observed_dates': ['2025-02-01', '2025-02-02', '2025-02-03', '2025-02-04', '2025-02-05', '2025-02-06', '2025-02-07', '2025-02-08', '2025-02-09', '2025-02-10', '2025-02-11', '2025-02-12', '2025-02-13', '2025-02-14', '2025-02-15', '2025-02-16', '2025-02-17', '2025-02-18', '2025-02-19', '2025-02-20', '2025-02-21', '2025-02-22', '2025-02-23', '2025-02-24', '2025-02-25', '2025-02-26', '2025-02-27', '2025-02-28', '2025-03-01', '2025-03-02', '2025-03-03', '2025-03-04', '2025-03-05', '2025-03-06', '2025-03-07', '2025-03-08', '2025-03-09', '2025-03-10', '2025-03-11', '2025-03-12', '2025-03-13', '2025-03-14', '2025-03-15', '2025-03-16', '2025-03-17', '2025-03-18', '2025-03-19', '2025-03-20', '2025-03-21', '2025-03-22', '2025-03-23', '2025-03-24', '2025-03-25', '2025-03-26', '2025-03-27', '2025-03-28', '2025-03-29', '2025-03-30', '2025-03-31', '2025-04-01', '2025-04-02', '2025-04-03', '2025-04-04', '2025-04-05', '2025-04-06', '2025-04-07', '2025-04-08', '2025-04-09', '2025-04-10', '2025-04-11', '2025-04-12', '2025-04-13', '2025-04-14', '2025-04-15', '2025-04-16', '2025-04-17', '2025-04-18', '2025-04-19', '2025-04-20', '2025-04-21', '2025-04-22', '2025-04-23', '2025-04-24', '2025-04-25', '2025-04-26', '2025-04-27', '2025-04-28', '2025-04-29', '2025-04-30', '2025-05-01', '2025-05-02', '2025-05-03', '2025-05-04', '2025-05-05', '2025-05-06', '2025-05-07', '2025-05-08', '2025-05-09', '2025-05-10', '2025-05-11', '2025-05-12', '2025-05-13', '2025-05-14', '2025-05-15', '2025-05-16', '2025-05-17', '2025-05-18', '2025-05-19', '2025-05-20', '2025-05-21', '2025-05-22', '2025-05-23', '2025-05-24', '2025-05-25', '2025-05-26', '2025-05-27', '2025-05-28', '2025-05-29', '2025-05-30', '2025-05-31', '2025-06-01', '2025-06-02', '2025-06-03', '2025-06-04', '2025-06-05', '2025-06-06', '2025-06-07', '2025-06-08', '2025-06-09', '2025-06-10', '2025-06-11', '2025-06-12', '2025-06-13', '2025-06-14', '2025-06-15', '2025-06-16', '2025-06-17', '2025-06-18', '2025-06-19', '2025-06-20', '2025-06-21', '2025-06-22', '2025-06-23', '2025-06-24', '2025-06-25', '2025-06-26', '2025-06-27', '2025-06-28', '2025-06-29', '2025-06-30', '2025-07-01', '2025-07-02', '2025-07-03', '2025-07-04', '2025-07-05', '2025-07-06', '2025-07-07', '2025-07-08', '2025-07-09', '2025-07-10', '2025-07-11', '2025-07-12', '2025-07-13', '2025-07-14', '2025-07-15', '2025-07-16', '2025-07-17', '2025-07-18', '2025-07-19', '2025-07-20', '2025-07-21', '2025-07-22', '2025-07-23', '2025-07-24', '2025-07-25', '2025-07-26', '2025-07-27', '2025-07-28', '2025-07-29', '2025-07-30', '2025-07-31', '2025-08-01', '2025-08-02', '2025-08-03', '2025-08-04', '2025-08-05', '2025-08-06', '2025-08-07', '2025-08-08', '2025-08-09', '2025-08-10', '2025-08-11', '2025-08-12', '2025-08-13', '2025-08-14', '2025-08-15', '2025-08-16', '2025-08-17', '2025-08-18', '2025-08-19', '2025-08-20', '2025-08-21', '2025-08-22', '2025-08-23', '2025-08-24', '2025-08-25', '2025-08-26', '2025-08-27', '2025-08-28', '2025-08-29', '2025-08-30', '2025-08-31', '2025-09-01', '2025-09-02', '2025-09-03', '2025-09-04', '2025-09-05', '2025-09-06', '2025-09-07', '2025-09-08', '2025-09-09', '2025-09-10', '2025-09-11', '2025-09-12', '2025-09-13', '2025-09-14', '2025-09-15', '2025-09-16', '2025-09-17', '2025-09-18', '2025-09-19', '2025-09-20', '2025-09-21', '2025-09-22', '2025-09-23', '2025-09-24', '2025-09-25', '2025-09-26', '2025-09-27', '2025-09-28', '2025-09-29', '2025-09-30', '2025-10-01', '2025-10-02', '2025-10-03', '2025-10-04', '2025-10-05', '2025-10-06', '2025-10-07', '2025-10-08', '2025-10-09', '2025-10-10', '2025-10-11', '2025-10-12', '2025-10-13', '2025-10-14', '2025-10-15', '2025-10-16', '2025-10-17', '2025-10-18', '2025-10-19', '2025-10-20', '2025-10-21', '2025-10-22', '2025-10-23', '2025-10-24', '2025-10-25', '2025-10-26', '2025-10-27', '2025-10-28', '2025-10-29', '2025-10-30', '2025-10-31', '2025-11-01', '2025-11-02', '2025-11-03', '2025-11-04', '2025-11-05', '2025-11-06', '2025-11-07', '2025-11-08', '2025-11-09', '2025-11-10', '2025-11-11', '2025-11-12', '2025-11-13', '2025-11-14', '2025-11-15', '2025-11-16', '2025-11-17', '2025-11-18', '2025-11-19', '2025-11-20', '2025-11-21', '2025-11-22', '2025-11-23', '2025-11-24', '2025-11-25', '2025-11-26', '2025-11-27', '2025-11-28', '2025-11-29', '2025-11-30', '2025-12-01', '2025-12-02', '2025-12-03', '2025-12-04', '2025-12-05', '2025-12-06', '2025-12-07', '2025-12-08', '2025-12-09', '2025-12-10', '2025-12-11', '2025-12-12', '2025-12-13', '2025-12-14', '2025-12-15', '2025-12-16', '2025-12-17', '2025-12-18', '2025-12-19', '2025-12-20', '2025-12-21', '2025-12-22', '2025-12-23', '2025-12-24', '2025-12-25', '2025-12-26', '2025-12-27', '2025-12-28', '2025-12-29', '2025-12-30', '2025-12-31'], 'missing_required_dates': [], 'bad_blocks': {}, 'maximum_errors': {'charge': 0.0, 'discharge': 0.0}, 'errors': []}",Every included date has six ordered unique four-hour groups; required dates are present; charge/discharge equal full-precision sums rendered to four decimals.,outputs/c_final_v1/workbooks/result3.xlsx:充放电量,Four-hour summaries are required outputs and must reconcile to the same detail.
FINAL-result3.xlsx-EMERGENCY-SEGMENTS,PASS,critical,result3.xlsx,"{'threshold_kwh': 5e-05, 'rounding_rule': 'ROUND_HALF_UP to 4 decimals', 'detail_source': 'outputs/c_final_v1/frozen/q3_dispatch.csv', 'expected_segments': 5828, 'actual_segments': 5828, 'sheet_scan': {'error_count': 0, 'samples': []}, 'missing_count': 0, 'missing_samples': [], 'extra_count': 0, 'extra_samples': [], 'amount_error_count': 0, 'amount_error_samples': [], 'order_exact': True}","Every displayed segment exactly equals the contiguous non-display-zero full-precision records, in chronological order.",outputs/c_final_v1/workbooks/result3.xlsx:紧急购电量,A total-only comparison can hide omitted or incorrectly split intervals.
FINAL-result3.xlsx-SETTLEMENT-FINAL,PASS,critical,result3.xlsx,"{'components': {'normal_yuan': 12127439.524756808, 'down_yuan': 57636.5042395881, 'up_yuan': 784776.7478980082, 'emergency_yuan': 3692285.887317204, 'total_yuan': 16662138.664211608}, 'stored_components_complete': True, 'component_row_max_errors_yuan': {'plan_cost': 0.0, 'adjustment_cost': 0.0, 'emergency_cost': 0.0, 'final_cost': 4.547473508864641e-13}, 'row_max_error_yuan': 4.547473508864641e-13}","p*min(B,A)+0.5p(B-A)^+ +1.5p(A-B)^+ +5pQ on every row, full precision.",dispatch detail,The main reported cost uses this convention.
FINAL-result3.xlsx-FORECAST-RELEASE,PASS,critical,result3.xlsx,"{'version_source': 'outputs/c_final_v1/frozen/decision_versions.csv', 'attachment_release_count': 1460, 'violations': 0, 'unexamined_rows': 0, 'selected_rows': 192168, 'checked_rows': 192168, 'missing_field': 0, 'parse_errors': 0, 'decision_time_mismatches': 0, 'attachment_release_missing': 0, 'samples': []}","Every selected decision version has forecast_issue_time exactly equal to its same-day 00/06/12/18 decision_time, and Attachment 3 contains that release.",outputs/c_final_v1/frozen/decision_versions.csv,A missing or shifted release timestamp can conceal future-information leakage.
FINAL-result3.xlsx-NEXT-DAY-PREVIEW,PASS,critical,result3.xlsx,"{'version_source': 'outputs/c_final_v1/frozen/decision_versions.csv', 'rows': 71928, 'parsed_records': 71928, 'expected_rows': 71928, 'expected_per_decision': {'0': 0, '6': 36, '12': 72, '18': 108}, 'decision_count_errors': 0, 'sequence_exact': True, 'sequence_mismatch_sample': None, 'commitment_violations': 0, 'target_date_violations': 0, 'preview_grid_violations': 0, 'samples': []}","Per mode: 333 days x (36+72+108) = 71,928 ordered next-day preview rows; target_date is the following day, positions are 1..36/72/108 at 06/12/18, all four commitment fields are blank, and preview_grid_kwh is finite non-negative.",outputs/c_final_v1/frozen/decision_versions.csv,"Missing, duplicated or executable preview rows invalidate the cross-day rolling contract."
FINAL-result3.xlsx-SETTLEMENT-SEQUENTIAL,PASS,critical,result3.xlsx,"{'version_source': 'outputs/c_final_v1/frozen/decision_versions.csv', 'version_scan': {'error_count': 0, 'samples': [], 'preview_next_day_rows': 71928, 'preview_recourse_rows': 108000, 'preview_next_day_integrity': {'rows': 71928, 'parsed_records': 71928, 'expected_rows': 71928, 'expected_per_decision': {'0': 0, '6': 36, '12': 72, '18': 108}, 'decision_count_errors': 0, 'sequence_exact': True, 'sequence_mismatch_sample': None, 'commitment_violations': 0, 'target_date_violations': 0, 'preview_grid_violations': 0, 'samples': []}, 'filtered_other_runs': 0, 'future_history_references': 0, 'decision_basis_counts': {'next_block_stochastic': 48096, 'deterministic_day_ahead_backup': 36072, 'deterministic_point_forecast_sensitivity': 36072, 'next_day_preview': 71928}, 'forecast_release': {'selected_rows': 192168, 'checked_rows': 192168, 'missing_field': 0, 'parse_errors': 0, 'decision_time_mismatches': 0, 'attachment_release_missing': 0, 'samples': []}}, 'formal_chain': {'rows': 84168, 'expected_rows': 84168, 'expected_per_decision': {'0': 144, '6': 36, '12': 36, '18': 36}, 'decision_count_errors': 0, 'past_interval_rewrites': 0, 'commitment_chain_errors': 0, 'final_dispatch_mismatches': 0}, 'sensitivity_chain': {'rows': 120240, 'expected_rows': 120240, 'expected_per_decision': {'0': 144, '6': 108, '12': 72, '18': 36}, 'decision_count_errors': 0, 'past_interval_rewrites': 0, 'commitment_chain_errors': 0}, 'future_history_references': 0, 'recomputed_total_yuan': 16457572.00412579, 'stored_row_cost_present': True, 'row_max_error_yuan': 4.547473508864641e-13}","Formal ledger: 252 versions/day (144 at 00:00, then 36 next-block changes at 06/12/18). Sensitivity ledger: 360 same-day versions/day (144/108/72/36), independently recomputing initial pB plus every transition and emergency 5pQ; no past or next-day commitment.",outputs/c_final_v1/frozen/decision_versions.csv,The required sensitivity total depends on the entire commitment chain.
FINAL-result4-2.xlsx-SCHEMA,PASS,critical,result4-2.xlsx,"{'missing_official_sheets': [], 'header_differences': {}, 'extra_sheets': []}",All official sheets and their complete header rows exactly match the supplied template; evidence sheets may be additional.,outputs/c_final_v1/workbooks/result4-2.xlsx vs <project_root>/../../../../Desktop/CUMCM2026Problems/C题/附件/附件5/result4-2.xlsx,Schema drift can make the submission ungradable.
FINAL-result4-2.xlsx-FORMULA-ERRORS,PASS,critical,result4-2.xlsx,"{'error_count': 0, 'samples': []}",No formula-error cells in formula or cached-value views.,outputs/c_final_v1/workbooks/result4-2.xlsx,Formula errors can be hidden by displayed totals.
FINAL-result4-2.xlsx-计划购电量-COVERAGE,PASS,critical,result4-2.xlsx/计划购电量,"{'header_exact': True, 'days': 334, 'unique_dates': 334, 'date_order_exact': True, 'date_errors': [], 'intervals': 144, 'unique_interval_labels': 144, 'numeric_scan': {'required_cells': 48764, 'valid_numeric_cells': 48764, 'error_count': 0, 'samples': []}}",Exact template header and label order; exact date population; all required result cells finite numeric.,outputs/c_final_v1/workbooks/result4-2.xlsx vs <project_root>/../../../../Desktop/CUMCM2026Problems/C题/附件/附件5/result4-2.xlsx,Official-table gaps or schema drift invalidate the submission.
FINAL-result4-2.xlsx-DETAIL-SOURCE,PASS,critical,result4-2.xlsx,"{'source': 'outputs/c_final_v1/frozen/q4_2_dispatch.csv', 'source_kind': 'full_precision_csv'}","Independent full-precision dispatch CSV, not a rounded workbook-detail fallback.",outputs/c_final_v1/frozen/q4_2_dispatch.csv,Rounded cells cannot authenticate full-precision interval grouping or costs.
FINAL-result4-2.xlsx-DETAIL-COVERAGE,PASS,critical,result4-2.xlsx,"{'source': 'outputs/c_final_v1/frozen/q4_2_dispatch.csv', 'source_kind': 'full_precision_csv', 'numeric_scan': {'rows': 48096, 'valid_rows': 48096, 'error_count': 0, 'samples': []}, 'rows': 48096, 'days': 334, 'date_start': '2025-02-01', 'date_end': '2025-12-31', 'bad_days': {}}",48096 valid rows; exact 2025-02-01..12-31 sequence; each date has ordered unique positions 1..144 and labels exactly follow the physical or official convention.,outputs/c_final_v1/frozen/q4_2_dispatch.csv,Missing or duplicated intervals invalidate costs and SOC continuity.
FINAL-result4-2.xlsx-DISPATCH-CAUSALITY,PASS,critical,result4-2.xlsx,"{'rows': 48096, 'missing_history_cutoff': 0, 'noncausal_or_invalid': 0, 'samples': []}",Every dispatch row records a history cutoff strictly earlier than its decision date.,full-precision dispatch detail,A physical backtest does not prove an executable information set.
FINAL-result4-2.xlsx-PHYSICS,PASS,critical,result4-2.xlsx,"{'balance_max_kwh': 3.410605131648481e-13, 'soc_dynamic_max_kwh': 1.0231815394945443e-12, 'continuity_max_kwh': 0.0, 'soc_min_kwh': 1200.0, 'soc_max_kwh': 10800.0, 'step_power_max_kwh': 833.3333333333334, 'simultaneous_count': 0, 'negative_count': 0, 'endpoints': {'initial': 6000.0, 'terminal': 6000.0}}",Balance/SOC residual <= 0.00021; continuous SOC; bounds; no simultaneous charge/discharge; endpoints 6000.0->6000.0.,independent recomputation from dispatch detail,Physical infeasibility invalidates the strategy.
FINAL-result4-2.xlsx-SOURCE-MAPPING,PASS,critical,result4-2.xlsx,"{'maximum_errors': {'load_kwh': 0.0, 'pv_kwh': 0.0, 'price': 0.0}, 'errors': []}",Every realized load/PV energy and settlement price equals the same date/position in attachments within 1e-07.,dispatch detail vs 附件1/2/4,An off-by-one interval or wrong date invalidates all costs and balances.
FINAL-result4-2.xlsx-计划购电量-VALUES,PASS,critical,result4-2.xlsx/计划购电量,"{'detail_field': 'plan', 'cell_max_error': 0.0, 'daily_energy_max_error': 0.0, 'daily_cost_max_error': 0.0, 'errors': []}",All 10-minute cells and each daily energy/cost total equal the 4-decimal half-up rendering of full-precision detail.,outputs/c_final_v1/workbooks/result4-2.xlsx:计划购电量,"Official cells, aggregates and paper totals must share one frozen result source."
FINAL-result4-2.xlsx-4H,PASS,high,result4-2.xlsx/充放电量,"{'header_exact': True, 'date_blocks': 334, 'observed_dates': ['2025-02-01', '2025-02-02', '2025-02-03', '2025-02-04', '2025-02-05', '2025-02-06', '2025-02-07', '2025-02-08', '2025-02-09', '2025-02-10', '2025-02-11', '2025-02-12', '2025-02-13', '2025-02-14', '2025-02-15', '2025-02-16', '2025-02-17', '2025-02-18', '2025-02-19', '2025-02-20', '2025-02-21', '2025-02-22', '2025-02-23', '2025-02-24', '2025-02-25', '2025-02-26', '2025-02-27', '2025-02-28', '2025-03-01', '2025-03-02', '2025-03-03', '2025-03-04', '2025-03-05', '2025-03-06', '2025-03-07', '2025-03-08', '2025-03-09', '2025-03-10', '2025-03-11', '2025-03-12', '2025-03-13', '2025-03-14', '2025-03-15', '2025-03-16', '2025-03-17', '2025-03-18', '2025-03-19', '2025-03-20', '2025-03-21', '2025-03-22', '2025-03-23', '2025-03-24', '2025-03-25', '2025-03-26', '2025-03-27', '2025-03-28', '2025-03-29', '2025-03-30', '2025-03-31', '2025-04-01', '2025-04-02', '2025-04-03', '2025-04-04', '2025-04-05', '2025-04-06', '2025-04-07', '2025-04-08', '2025-04-09', '2025-04-10', '2025-04-11', '2025-04-12', '2025-04-13', '2025-04-14', '2025-04-15', '2025-04-16', '2025-04-17', '2025-04-18', '2025-04-19', '2025-04-20', '2025-04-21', '2025-04-22', '2025-04-23', '2025-04-24', '2025-04-25', '2025-04-26', '2025-04-27', '2025-04-28', '2025-04-29', '2025-04-30', '2025-05-01', '2025-05-02', '2025-05-03', '2025-05-04', '2025-05-05', '2025-05-06', '2025-05-07', '2025-05-08', '2025-05-09', '2025-05-10', '2025-05-11', '2025-05-12', '2025-05-13', '2025-05-14', '2025-05-15', '2025-05-16', '2025-05-17', '2025-05-18', '2025-05-19', '2025-05-20', '2025-05-21', '2025-05-22', '2025-05-23', '2025-05-24', '2025-05-25', '2025-05-26', '2025-05-27', '2025-05-28', '2025-05-29', '2025-05-30', '2025-05-31', '2025-06-01', '2025-06-02', '2025-06-03', '2025-06-04', '2025-06-05', '2025-06-06', '2025-06-07', '2025-06-08', '2025-06-09', '2025-06-10', '2025-06-11', '2025-06-12', '2025-06-13', '2025-06-14', '2025-06-15', '2025-06-16', '2025-06-17', '2025-06-18', '2025-06-19', '2025-06-20', '2025-06-21', '2025-06-22', '2025-06-23', '2025-06-24', '2025-06-25', '2025-06-26', '2025-06-27', '2025-06-28', '2025-06-29', '2025-06-30', '2025-07-01', '2025-07-02', '2025-07-03', '2025-07-04', '2025-07-05', '2025-07-06', '2025-07-07', '2025-07-08', '2025-07-09', '2025-07-10', '2025-07-11', '2025-07-12', '2025-07-13', '2025-07-14', '2025-07-15', '2025-07-16', '2025-07-17', '2025-07-18', '2025-07-19', '2025-07-20', '2025-07-21', '2025-07-22', '2025-07-23', '2025-07-24', '2025-07-25', '2025-07-26', '2025-07-27', '2025-07-28', '2025-07-29', '2025-07-30', '2025-07-31', '2025-08-01', '2025-08-02', '2025-08-03', '2025-08-04', '2025-08-05', '2025-08-06', '2025-08-07', '2025-08-08', '2025-08-09', '2025-08-10', '2025-08-11', '2025-08-12', '2025-08-13', '2025-08-14', '2025-08-15', '2025-08-16', '2025-08-17', '2025-08-18', '2025-08-19', '2025-08-20', '2025-08-21', '2025-08-22', '2025-08-23', '2025-08-24', '2025-08-25', '2025-08-26', '2025-08-27', '2025-08-28', '2025-08-29', '2025-08-30', '2025-08-31', '2025-09-01', '2025-09-02', '2025-09-03', '2025-09-04', '2025-09-05', '2025-09-06', '2025-09-07', '2025-09-08', '2025-09-09', '2025-09-10', '2025-09-11', '2025-09-12', '2025-09-13', '2025-09-14', '2025-09-15', '2025-09-16', '2025-09-17', '2025-09-18', '2025-09-19', '2025-09-20', '2025-09-21', '2025-09-22', '2025-09-23', '2025-09-24', '2025-09-25', '2025-09-26', '2025-09-27', '2025-09-28', '2025-09-29', '2025-09-30', '2025-10-01', '2025-10-02', '2025-10-03', '2025-10-04', '2025-10-05', '2025-10-06', '2025-10-07', '2025-10-08', '2025-10-09', '2025-10-10', '2025-10-11', '2025-10-12', '2025-10-13', '2025-10-14', '2025-10-15', '2025-10-16', '2025-10-17', '2025-10-18', '2025-10-19', '2025-10-20', '2025-10-21', '2025-10-22', '2025-10-23', '2025-10-24', '2025-10-25', '2025-10-26', '2025-10-27', '2025-10-28', '2025-10-29', '2025-10-30', '2025-10-31', '2025-11-01', '2025-11-02', '2025-11-03', '2025-11-04', '2025-11-05', '2025-11-06', '2025-11-07', '2025-11-08', '2025-11-09', '2025-11-10', '2025-11-11', '2025-11-12', '2025-11-13', '2025-11-14', '2025-11-15', '2025-11-16', '2025-11-17', '2025-11-18', '2025-11-19', '2025-11-20', '2025-11-21', '2025-11-22', '2025-11-23', '2025-11-24', '2025-11-25', '2025-11-26', '2025-11-27', '2025-11-28', '2025-11-29', '2025-11-30', '2025-12-01', '2025-12-02', '2025-12-03', '2025-12-04', '2025-12-05', '2025-12-06', '2025-12-07', '2025-12-08', '2025-12-09', '2025-12-10', '2025-12-11', '2025-12-12', '2025-12-13', '2025-12-14', '2025-12-15', '2025-12-16', '2025-12-17', '2025-12-18', '2025-12-19', '2025-12-20', '2025-12-21', '2025-12-22', '2025-12-23', '2025-12-24', '2025-12-25', '2025-12-26', '2025-12-27', '2025-12-28', '2025-12-29', '2025-12-30', '2025-12-31'], 'missing_required_dates': [], 'bad_blocks': {}, 'maximum_errors': {'charge': 0.0, 'discharge': 0.0}, 'errors': []}",Every included date has six ordered unique four-hour groups; required dates are present; charge/discharge equal full-precision sums rendered to four decimals.,outputs/c_final_v1/workbooks/result4-2.xlsx:充放电量,Four-hour summaries are required outputs and must reconcile to the same detail.
FINAL-result4-2.xlsx-EMERGENCY-SEGMENTS,PASS,critical,result4-2.xlsx,"{'threshold_kwh': 5e-05, 'rounding_rule': 'ROUND_HALF_UP to 4 decimals', 'detail_source': 'outputs/c_final_v1/frozen/q4_2_dispatch.csv', 'expected_segments': 3983, 'actual_segments': 3983, 'sheet_scan': {'error_count': 0, 'samples': []}, 'missing_count': 0, 'missing_samples': [], 'extra_count': 0, 'extra_samples': [], 'amount_error_count': 0, 'amount_error_samples': [], 'order_exact': True}","Every displayed segment exactly equals the contiguous non-display-zero full-precision records, in chronological order.",outputs/c_final_v1/workbooks/result4-2.xlsx:紧急购电量,A total-only comparison can hide omitted or incorrectly split intervals.
FINAL-result4-2.xlsx-COST,PASS,critical,result4-2.xlsx,"{'stored_components_complete': True, 'row_max_errors_yuan': {'plan': 0.0, 'emergency': 0.0, 'total': 0.0}, 'totals': {'plan_yuan': 12815898.336000986, 'emergency_yuan': 5844463.996061971, 'total_yuan': 18660362.33206299}}","Every row independently reproduces plan pB, emergency 5pQ and their total from full precision.",dispatch detail,Q2/Q4-2 reported costs must include all realized settlement terms.
FINAL-result4-3.xlsx-SCHEMA,PASS,critical,result4-3.xlsx,"{'missing_official_sheets': [], 'header_differences': {}, 'extra_sheets': []}",All official sheets and their complete header rows exactly match the supplied template; evidence sheets may be additional.,outputs/c_final_v1/workbooks/result4-3.xlsx vs <project_root>/../../../../Desktop/CUMCM2026Problems/C题/附件/附件5/result4-3.xlsx,Schema drift can make the submission ungradable.
FINAL-result4-3.xlsx-FORMULA-ERRORS,PASS,critical,result4-3.xlsx,"{'error_count': 0, 'samples': []}",No formula-error cells in formula or cached-value views.,outputs/c_final_v1/workbooks/result4-3.xlsx,Formula errors can be hidden by displayed totals.
FINAL-result4-3.xlsx-计划购电量-COVERAGE,PASS,critical,result4-3.xlsx/计划购电量,"{'header_exact': True, 'days': 334, 'unique_dates': 334, 'date_order_exact': True, 'date_errors': [], 'intervals': 144, 'unique_interval_labels': 144, 'numeric_scan': {'required_cells': 48764, 'valid_numeric_cells': 48764, 'error_count': 0, 'samples': []}}",Exact template header and label order; exact date population; all required result cells finite numeric.,outputs/c_final_v1/workbooks/result4-3.xlsx vs <project_root>/../../../../Desktop/CUMCM2026Problems/C题/附件/附件5/result4-3.xlsx,Official-table gaps or schema drift invalidate the submission.
FINAL-result4-3.xlsx-调整购电量-COVERAGE,PASS,critical,result4-3.xlsx/调整购电量,"{'header_exact': True, 'days': 334, 'unique_dates': 334, 'date_order_exact': True, 'date_errors': [], 'intervals': 144, 'unique_interval_labels': 144, 'numeric_scan': {'required_cells': 48764, 'valid_numeric_cells': 48764, 'error_count': 0, 'samples': []}}",Exact template header and label order; exact date population; all required result cells finite numeric.,outputs/c_final_v1/workbooks/result4-3.xlsx vs <project_root>/../../../../Desktop/CUMCM2026Problems/C题/附件/附件5/result4-3.xlsx,Official-table gaps or schema drift invalidate the submission.
FINAL-result4-3.xlsx-DETAIL-SOURCE,PASS,critical,result4-3.xlsx,"{'source': 'outputs/c_final_v1/frozen/q4_3_dispatch.csv', 'source_kind': 'full_precision_csv'}","Independent full-precision dispatch CSV, not a rounded workbook-detail fallback.",outputs/c_final_v1/frozen/q4_3_dispatch.csv,Rounded cells cannot authenticate full-precision interval grouping or costs.
FINAL-result4-3.xlsx-DETAIL-COVERAGE,PASS,critical,result4-3.xlsx,"{'source': 'outputs/c_final_v1/frozen/q4_3_dispatch.csv', 'source_kind': 'full_precision_csv', 'numeric_scan': {'rows': 48096, 'valid_rows': 48096, 'error_count': 0, 'samples': []}, 'rows': 48096, 'days': 334, 'date_start': '2025-02-01', 'date_end': '2025-12-31', 'bad_days': {}}",48096 valid rows; exact 2025-02-01..12-31 sequence; each date has ordered unique positions 1..144 and labels exactly follow the physical or official convention.,outputs/c_final_v1/frozen/q4_3_dispatch.csv,Missing or duplicated intervals invalidate costs and SOC continuity.
FINAL-result4-3.xlsx-DISPATCH-CAUSALITY,PASS,critical,result4-3.xlsx,"{'rows': 48096, 'missing_history_cutoff': 0, 'noncausal_or_invalid': 0, 'samples': []}",Every dispatch row records a history cutoff strictly earlier than its decision date.,full-precision dispatch detail,A physical backtest does not prove an executable information set.
FINAL-result4-3.xlsx-PHYSICS,PASS,critical,result4-3.xlsx,"{'balance_max_kwh': 2.3447910280083306e-13, 'soc_dynamic_max_kwh': 9.094947017729282e-13, 'continuity_max_kwh': 0.0, 'soc_min_kwh': 1199.9999999999945, 'soc_max_kwh': 10800.000000000004, 'step_power_max_kwh': 833.3333333333334, 'simultaneous_count': 0, 'negative_count': 0, 'endpoints': {'initial': 6000.0, 'terminal': 6000.000000000002}}",Balance/SOC residual <= 0.00021; continuous SOC; bounds; no simultaneous charge/discharge; endpoints 6000.0->6000.0.,independent recomputation from dispatch detail,Physical infeasibility invalidates the strategy.
FINAL-result4-3.xlsx-SOURCE-MAPPING,PASS,critical,result4-3.xlsx,"{'maximum_errors': {'load_kwh': 0.0, 'pv_kwh': 0.0, 'price': 0.0}, 'errors': []}",Every realized load/PV energy and settlement price equals the same date/position in attachments within 1e-07.,dispatch detail vs 附件1/2/4,An off-by-one interval or wrong date invalidates all costs and balances.
FINAL-result4-3.xlsx-计划购电量-VALUES,PASS,critical,result4-3.xlsx/计划购电量,"{'detail_field': 'plan', 'cell_max_error': 0.0, 'daily_energy_max_error': 0.0, 'daily_cost_max_error': 0.0, 'errors': []}",All 10-minute cells and each daily energy/cost total equal the 4-decimal half-up rendering of full-precision detail.,outputs/c_final_v1/workbooks/result4-3.xlsx:计划购电量,"Official cells, aggregates and paper totals must share one frozen result source."
FINAL-result4-3.xlsx-调整购电量-VALUES,PASS,critical,result4-3.xlsx/调整购电量,"{'detail_field': 'adjusted', 'cell_max_error': 0.0, 'daily_energy_max_error': 0.0, 'daily_cost_max_error': 0.0, 'errors': []}",All 10-minute cells and each daily energy/cost total equal the 4-decimal half-up rendering of full-precision detail.,outputs/c_final_v1/workbooks/result4-3.xlsx:调整购电量,"Official cells, aggregates and paper totals must share one frozen result source."
FINAL-result4-3.xlsx-4H,PASS,high,result4-3.xlsx/充放电量,"{'header_exact': True, 'date_blocks': 334, 'observed_dates': ['2025-02-01', '2025-02-02', '2025-02-03', '2025-02-04', '2025-02-05', '2025-02-06', '2025-02-07', '2025-02-08', '2025-02-09', '2025-02-10', '2025-02-11', '2025-02-12', '2025-02-13', '2025-02-14', '2025-02-15', '2025-02-16', '2025-02-17', '2025-02-18', '2025-02-19', '2025-02-20', '2025-02-21', '2025-02-22', '2025-02-23', '2025-02-24', '2025-02-25', '2025-02-26', '2025-02-27', '2025-02-28', '2025-03-01', '2025-03-02', '2025-03-03', '2025-03-04', '2025-03-05', '2025-03-06', '2025-03-07', '2025-03-08', '2025-03-09', '2025-03-10', '2025-03-11', '2025-03-12', '2025-03-13', '2025-03-14', '2025-03-15', '2025-03-16', '2025-03-17', '2025-03-18', '2025-03-19', '2025-03-20', '2025-03-21', '2025-03-22', '2025-03-23', '2025-03-24', '2025-03-25', '2025-03-26', '2025-03-27', '2025-03-28', '2025-03-29', '2025-03-30', '2025-03-31', '2025-04-01', '2025-04-02', '2025-04-03', '2025-04-04', '2025-04-05', '2025-04-06', '2025-04-07', '2025-04-08', '2025-04-09', '2025-04-10', '2025-04-11', '2025-04-12', '2025-04-13', '2025-04-14', '2025-04-15', '2025-04-16', '2025-04-17', '2025-04-18', '2025-04-19', '2025-04-20', '2025-04-21', '2025-04-22', '2025-04-23', '2025-04-24', '2025-04-25', '2025-04-26', '2025-04-27', '2025-04-28', '2025-04-29', '2025-04-30', '2025-05-01', '2025-05-02', '2025-05-03', '2025-05-04', '2025-05-05', '2025-05-06', '2025-05-07', '2025-05-08', '2025-05-09', '2025-05-10', '2025-05-11', '2025-05-12', '2025-05-13', '2025-05-14', '2025-05-15', '2025-05-16', '2025-05-17', '2025-05-18', '2025-05-19', '2025-05-20', '2025-05-21', '2025-05-22', '2025-05-23', '2025-05-24', '2025-05-25', '2025-05-26', '2025-05-27', '2025-05-28', '2025-05-29', '2025-05-30', '2025-05-31', '2025-06-01', '2025-06-02', '2025-06-03', '2025-06-04', '2025-06-05', '2025-06-06', '2025-06-07', '2025-06-08', '2025-06-09', '2025-06-10', '2025-06-11', '2025-06-12', '2025-06-13', '2025-06-14', '2025-06-15', '2025-06-16', '2025-06-17', '2025-06-18', '2025-06-19', '2025-06-20', '2025-06-21', '2025-06-22', '2025-06-23', '2025-06-24', '2025-06-25', '2025-06-26', '2025-06-27', '2025-06-28', '2025-06-29', '2025-06-30', '2025-07-01', '2025-07-02', '2025-07-03', '2025-07-04', '2025-07-05', '2025-07-06', '2025-07-07', '2025-07-08', '2025-07-09', '2025-07-10', '2025-07-11', '2025-07-12', '2025-07-13', '2025-07-14', '2025-07-15', '2025-07-16', '2025-07-17', '2025-07-18', '2025-07-19', '2025-07-20', '2025-07-21', '2025-07-22', '2025-07-23', '2025-07-24', '2025-07-25', '2025-07-26', '2025-07-27', '2025-07-28', '2025-07-29', '2025-07-30', '2025-07-31', '2025-08-01', '2025-08-02', '2025-08-03', '2025-08-04', '2025-08-05', '2025-08-06', '2025-08-07', '2025-08-08', '2025-08-09', '2025-08-10', '2025-08-11', '2025-08-12', '2025-08-13', '2025-08-14', '2025-08-15', '2025-08-16', '2025-08-17', '2025-08-18', '2025-08-19', '2025-08-20', '2025-08-21', '2025-08-22', '2025-08-23', '2025-08-24', '2025-08-25', '2025-08-26', '2025-08-27', '2025-08-28', '2025-08-29', '2025-08-30', '2025-08-31', '2025-09-01', '2025-09-02', '2025-09-03', '2025-09-04', '2025-09-05', '2025-09-06', '2025-09-07', '2025-09-08', '2025-09-09', '2025-09-10', '2025-09-11', '2025-09-12', '2025-09-13', '2025-09-14', '2025-09-15', '2025-09-16', '2025-09-17', '2025-09-18', '2025-09-19', '2025-09-20', '2025-09-21', '2025-09-22', '2025-09-23', '2025-09-24', '2025-09-25', '2025-09-26', '2025-09-27', '2025-09-28', '2025-09-29', '2025-09-30', '2025-10-01', '2025-10-02', '2025-10-03', '2025-10-04', '2025-10-05', '2025-10-06', '2025-10-07', '2025-10-08', '2025-10-09', '2025-10-10', '2025-10-11', '2025-10-12', '2025-10-13', '2025-10-14', '2025-10-15', '2025-10-16', '2025-10-17', '2025-10-18', '2025-10-19', '2025-10-20', '2025-10-21', '2025-10-22', '2025-10-23', '2025-10-24', '2025-10-25', '2025-10-26', '2025-10-27', '2025-10-28', '2025-10-29', '2025-10-30', '2025-10-31', '2025-11-01', '2025-11-02', '2025-11-03', '2025-11-04', '2025-11-05', '2025-11-06', '2025-11-07', '2025-11-08', '2025-11-09', '2025-11-10', '2025-11-11', '2025-11-12', '2025-11-13', '2025-11-14', '2025-11-15', '2025-11-16', '2025-11-17', '2025-11-18', '2025-11-19', '2025-11-20', '2025-11-21', '2025-11-22', '2025-11-23', '2025-11-24', '2025-11-25', '2025-11-26', '2025-11-27', '2025-11-28', '2025-11-29', '2025-11-30', '2025-12-01', '2025-12-02', '2025-12-03', '2025-12-04', '2025-12-05', '2025-12-06', '2025-12-07', '2025-12-08', '2025-12-09', '2025-12-10', '2025-12-11', '2025-12-12', '2025-12-13', '2025-12-14', '2025-12-15', '2025-12-16', '2025-12-17', '2025-12-18', '2025-12-19', '2025-12-20', '2025-12-21', '2025-12-22', '2025-12-23', '2025-12-24', '2025-12-25', '2025-12-26', '2025-12-27', '2025-12-28', '2025-12-29', '2025-12-30', '2025-12-31'], 'missing_required_dates': [], 'bad_blocks': {}, 'maximum_errors': {'charge': 0.0, 'discharge': 0.0}, 'errors': []}",Every included date has six ordered unique four-hour groups; required dates are present; charge/discharge equal full-precision sums rendered to four decimals.,outputs/c_final_v1/workbooks/result4-3.xlsx:充放电量,Four-hour summaries are required outputs and must reconcile to the same detail.
FINAL-result4-3.xlsx-EMERGENCY-SEGMENTS,PASS,critical,result4-3.xlsx,"{'threshold_kwh': 5e-05, 'rounding_rule': 'ROUND_HALF_UP to 4 decimals', 'detail_source': 'outputs/c_final_v1/frozen/q4_3_dispatch.csv', 'expected_segments': 5816, 'actual_segments': 5816, 'sheet_scan': {'error_count': 0, 'samples': []}, 'missing_count': 0, 'missing_samples': [], 'extra_count': 0, 'extra_samples': [], 'amount_error_count': 0, 'amount_error_samples': [], 'order_exact': True}","Every displayed segment exactly equals the contiguous non-display-zero full-precision records, in chronological order.",outputs/c_final_v1/workbooks/result4-3.xlsx:紧急购电量,A total-only comparison can hide omitted or incorrectly split intervals.
FINAL-result4-3.xlsx-SETTLEMENT-FINAL,PASS,critical,result4-3.xlsx,"{'components': {'normal_yuan': 12772243.042147908, 'down_yuan': 62532.72141637754, 'up_yuan': 822418.6192516325, 'emergency_yuan': 3881868.13514501, 'total_yuan': 17539062.51796093}, 'stored_components_complete': True, 'component_row_max_errors_yuan': {'plan_cost': 0.0, 'adjustment_cost': 0.0, 'emergency_cost': 0.0, 'final_cost': 4.547473508864641e-13}, 'row_max_error_yuan': 4.547473508864641e-13}","p*min(B,A)+0.5p(B-A)^+ +1.5p(A-B)^+ +5pQ on every row, full precision.",dispatch detail,The main reported cost uses this convention.
FINAL-result4-3.xlsx-FORECAST-RELEASE,PASS,critical,result4-3.xlsx,"{'version_source': 'outputs/c_final_v1/frozen/decision_versions.csv', 'attachment_release_count': 1460, 'violations': 0, 'unexamined_rows': 0, 'selected_rows': 192168, 'checked_rows': 192168, 'missing_field': 0, 'parse_errors': 0, 'decision_time_mismatches': 0, 'attachment_release_missing': 0, 'samples': []}","Every selected decision version has forecast_issue_time exactly equal to its same-day 00/06/12/18 decision_time, and Attachment 3 contains that release.",outputs/c_final_v1/frozen/decision_versions.csv,A missing or shifted release timestamp can conceal future-information leakage.
FINAL-result4-3.xlsx-NEXT-DAY-PREVIEW,PASS,critical,result4-3.xlsx,"{'version_source': 'outputs/c_final_v1/frozen/decision_versions.csv', 'rows': 71928, 'parsed_records': 71928, 'expected_rows': 71928, 'expected_per_decision': {'0': 0, '6': 36, '12': 72, '18': 108}, 'decision_count_errors': 0, 'sequence_exact': True, 'sequence_mismatch_sample': None, 'commitment_violations': 0, 'target_date_violations': 0, 'preview_grid_violations': 0, 'samples': []}","Per mode: 333 days x (36+72+108) = 71,928 ordered next-day preview rows; target_date is the following day, positions are 1..36/72/108 at 06/12/18, all four commitment fields are blank, and preview_grid_kwh is finite non-negative.",outputs/c_final_v1/frozen/decision_versions.csv,"Missing, duplicated or executable preview rows invalidate the cross-day rolling contract."
FINAL-result4-3.xlsx-SETTLEMENT-SEQUENTIAL,PASS,critical,result4-3.xlsx,"{'version_source': 'outputs/c_final_v1/frozen/decision_versions.csv', 'version_scan': {'error_count': 0, 'samples': [], 'preview_next_day_rows': 71928, 'preview_recourse_rows': 108000, 'preview_next_day_integrity': {'rows': 71928, 'parsed_records': 71928, 'expected_rows': 71928, 'expected_per_decision': {'0': 0, '6': 36, '12': 72, '18': 108}, 'decision_count_errors': 0, 'sequence_exact': True, 'sequence_mismatch_sample': None, 'commitment_violations': 0, 'target_date_violations': 0, 'preview_grid_violations': 0, 'samples': []}, 'filtered_other_runs': 0, 'future_history_references': 0, 'decision_basis_counts': {'next_block_stochastic': 48096, 'deterministic_day_ahead_backup': 36072, 'deterministic_point_forecast_sensitivity': 36072, 'next_day_preview': 71928}, 'forecast_release': {'selected_rows': 192168, 'checked_rows': 192168, 'missing_field': 0, 'parse_errors': 0, 'decision_time_mismatches': 0, 'attachment_release_missing': 0, 'samples': []}}, 'formal_chain': {'rows': 84168, 'expected_rows': 84168, 'expected_per_decision': {'0': 144, '6': 36, '12': 36, '18': 36}, 'decision_count_errors': 0, 'past_interval_rewrites': 0, 'commitment_chain_errors': 0, 'final_dispatch_mismatches': 0}, 'sensitivity_chain': {'rows': 120240, 'expected_rows': 120240, 'expected_per_decision': {'0': 144, '6': 108, '12': 72, '18': 36}, 'decision_count_errors': 0, 'past_interval_rewrites': 0, 'commitment_chain_errors': 0}, 'future_history_references': 0, 'recomputed_total_yuan': 17337192.326554757, 'stored_row_cost_present': True, 'row_max_error_yuan': 4.547473508864641e-13}","Formal ledger: 252 versions/day (144 at 00:00, then 36 next-block changes at 06/12/18). Sensitivity ledger: 360 same-day versions/day (144/108/72/36), independently recomputing initial pB plus every transition and emergency 5pQ; no past or next-day commitment.",outputs/c_final_v1/frozen/decision_versions.csv,The required sensitivity total depends on the entire commitment chain.
