date,mode,scenario,model_arm,days,initial_soc_kwh,terminal_soc_kwh,plan_cost_yuan,adjustment_cost_yuan,emergency_cost_yuan,final_relative_cost_yuan,sequential_cost_yuan,emergency_kwh,unused_surplus_kwh
2025-02-01,q3,S3,joint_empirical,1,6000.0,6012.9291275000005,26207.024743890775,-920.8024130973746,3280.8577899777792,28567.08012077118,29136.531786359745,671.0720805555559,8778.19472777778
2025-02-02,q3,S3,joint_empirical,1,6012.9291275000005,6012.8837650000005,60082.108997587915,-937.6470271422685,1935.5134598852737,61079.9754303309,61157.28644598409,389.03766272222117,9389.308746262002
2025-02-03,q3,S3,joint_empirical,1,6012.8837650000005,6028.180756250001,61707.79801788263,-1828.3602612530024,2827.6522812568414,62707.09003788647,62759.8502393623,655.0216731666684,7974.01949583334
2025-02-04,q3,S3,joint_empirical,1,6028.180756250001,6021.0540225,63553.82951227279,-1522.8889430517027,1684.5193778395872,63715.459947060684,63745.054921546514,416.40051944444525,9582.92405972222
2025-02-05,q3,S3,joint_empirical,1,6021.0540225,6024.605674999999,59525.73720553966,-216.99252204659308,2581.3604480791646,61890.10513157222,61890.10513157222,570.9731263888883,8158.402450840194
2025-02-06,q3,S3,joint_empirical,1,6024.605674999999,6025.37177,63394.4205622622,-2372.960325161805,2867.654785634023,63889.11502273442,63889.11502273442,633.3263736111097,8496.519248611114
2025-02-07,q3,S3,joint_empirical,1,6025.37177,6021.08098875,25681.204344071713,-1074.4371609906523,1374.1742747833343,25980.941457864406,25980.941457864406,308.27964722222237,9839.29518902778
2025-02-08,q3,S3,joint_empirical,1,6021.08098875,6019.6197725,21290.911127934105,174.03062904333277,5822.5036461094105,27287.44540308685,27420.34962418227,1227.258359013887,7235.030661361104
2025-02-09,q3,S3,joint_empirical,1,6019.6197725,6015.838409999999,59735.53553449118,-740.3172408676472,1682.6683539739638,60677.88664759748,60677.88664759748,397.08181875000105,8270.705376486114
2025-02-10,q3,S3,joint_empirical,1,6015.838409999999,6015.84122875,56268.69071204515,-1606.7437849416963,3592.5998800638845,58254.54680716734,59924.31630411066,820.3704944444431,6744.826774333338
2025-02-11,q3,S3,joint_empirical,1,6015.84122875,6010.44718125,56842.14972344433,-1943.1215163416284,5074.056591122218,59973.0847982249,60073.329545735054,1092.935469444444,6291.882191083672
2025-02-12,q3,S3,joint_empirical,1,6010.44718125,6017.5710800000015,56983.94248150317,-2034.4352079245562,4447.5716138395865,59397.07888741822,59408.333410378356,933.2015861111119,5828.997618055558
2025-02-13,q3,S3,joint_empirical,1,6017.5710800000015,6007.849488750001,52626.59268753446,-1092.1981702100884,4376.571643068061,55910.96616039243,56399.41056220139,930.6553569444454,6733.233535798023
2025-02-14,q3,S3,joint_empirical,1,6007.849488750001,6005.92984625,20948.62965822025,84.7444868978621,3144.3195764916627,24177.69372160978,24219.956365463946,683.0718305555547,7606.226221946846
2025-02-15,q3,S3,joint_empirical,1,6005.92984625,6011.006656250001,21181.303184905973,-234.85627377368016,4681.849440452077,25628.296351584366,25809.935574843672,1108.6855611111096,8492.989313220169
2025-02-16,q3,S3,joint_empirical,1,6011.006656250001,6012.44871125,56066.18667465249,-2560.0503138267536,7871.143481729859,61377.27984255558,61393.2445979778,1874.5270430555545,4208.466066666671
2025-02-17,q3,S3,joint_empirical,1,6012.44871125,6014.07104,55142.67015286302,-2787.1358857385885,4417.600854861112,56773.135121985535,56773.135121985535,1044.7943875000003,5776.927613185871
2025-02-18,q3,S3,joint_empirical,1,6014.07104,6019.248191249999,49069.734943948664,253.27169275120713,7885.6401982086245,57208.64683490849,57208.64683490849,1901.3360161711273,4839.763727777782
2025-02-19,q3,S3,joint_empirical,1,6019.248191249999,6010.2009825,49176.72968884612,135.17977911420232,7589.598018653506,56901.507486613846,56901.507486613846,1915.6687867361106,3890.917433333332
2025-02-20,q3,S3,joint_empirical,1,6010.2009825,6014.20808625,50680.03565819255,-759.9727021296956,5651.262078629088,55571.325034691945,56009.91812880693,1282.7721518055532,5331.9466791666655
2025-02-21,q3,S3,joint_empirical,1,6014.20808625,6010.9270425,18384.310711496542,39.15361438483346,5032.718793189921,23456.183119071302,23456.183119071302,1285.4499793194432,7991.64354861111
2025-02-22,q3,S3,joint_empirical,1,6010.9270425,6019.744826249999,18194.550079936507,2.972880911591325,7755.907998531245,25953.430959379344,26151.810463127433,1866.4167833333322,5609.614568227027
2025-02-23,q3,S3,joint_empirical,1,6019.744826249999,6011.605931249999,49163.73086999321,-640.5929819396395,10266.466704319439,58789.60459237299,58849.1721375177,2505.446677777777,4498.078520833337
2025-02-24,q3,S3,joint_empirical,1,6011.605931249999,6023.968702499999,48127.20478148942,76.721001067222,6796.811100411121,55000.73688296776,55267.92801772141,1481.347473611113,6439.044606447192
2025-02-25,q3,S3,joint_empirical,1,6023.968702499999,6023.968702499999,49468.81907271882,-1942.30162946332,7393.924087927779,54920.44153118327,54963.49239997141,1750.856129166667,6488.493151388893
2025-02-26,q3,S3,joint_empirical,1,6023.968702499999,6025.073628749999,44539.85997428075,1476.6598766582954,8888.904838182634,54905.424689121704,54909.774678404625,2092.8827069444433,3710.461559722223
2025-02-27,q3,S3,joint_empirical,1,6025.073628749999,6015.499019999999,46168.30703063531,-27.99656416181496,7613.689373515637,53753.999839989134,53908.626304676494,1678.1011286274008,5323.966401594642
2025-02-28,q3,S3,joint_empirical,1,6015.499019999999,6018.655394999999,17839.401651673976,108.36605353290864,6399.234323010183,24347.002028217066,24363.508142637205,1502.4977887345683,9176.793155555562
2025-03-01,q3,S3,joint_empirical,1,6018.655394999999,6014.81421375,20101.519090850325,-335.5818090769814,2915.0077831895883,22680.94506496294,22689.748368272936,802.0275750000028,11863.652028497945
2025-03-02,q3,S3,joint_empirical,1,6014.81421375,6013.3317074999995,51154.921241059805,1129.9249187221385,4134.986234295827,56419.83239407779,56429.72735686502,919.3202472222212,7434.676569838822
2025-03-03,q3,S3,joint_empirical,1,6013.3317074999995,6030.124338749999,53131.0786757885,-756.5243850183917,4406.183466454866,56780.737757225,57206.19971292332,1044.3943805555564,6279.549351388888
2025-03-04,q3,S3,joint_empirical,1,6030.124338749999,6015.733882499999,47020.809167296306,977.2195571030644,6361.124224445821,54359.15294884519,54359.15294884519,1615.1246833333305,5371.689866666671
2025-03-05,q3,S3,joint_empirical,1,6015.733882499999,6024.782872500001,49527.6785562323,-1348.0321071992357,4215.5893616901785,52395.23581072325,52512.490373326356,1001.865877829219,7137.751081166669
2025-03-06,q3,S3,joint_empirical,1,6024.782872500001,6017.2976625,46458.17442034437,-55.261199702727104,4151.803480808328,50554.716701449965,50744.39083408752,970.4389388888875,6285.043703633917
2025-03-07,q3,S3,joint_empirical,1,6017.2976625,6000.0,18432.45920314242,-341.42693387136546,2264.4079087958357,20355.440178066896,20355.440178066896,600.5794527777784,10737.435016683812
2025-03-08,q3,S3,joint_empirical,1,6000.0,6023.4560437499995,17150.458085703158,29.361605015623947,3277.8073759335985,20457.62706665238,20457.62706665238,769.521667969821,11474.831785853905
2025-03-09,q3,S3,joint_empirical,1,6023.4560437499995,6022.639927499999,48411.604926286855,-1766.7476784885514,4667.069220322854,51311.926468121164,52548.207149464346,1159.3433760973942,6480.329548611115
2025-03-10,q3,S3,joint_empirical,1,6022.639927499999,6022.6399275,45971.58553413445,410.2158824211385,7350.805090292935,53732.60650684853,53890.62990793293,1765.9368073611154,5422.256812037043
2025-03-11,q3,S3,joint_empirical,1,6022.6399275,6022.841321250001,41087.27716509364,3812.2754920723405,7076.4365017847185,51975.98915895069,53474.68643536072,1618.8823374999993,5484.145168930567
2025-03-12,q3,S3,joint_empirical,1,6022.841321250001,6024.09833625,47250.50644064542,-1606.5597904314031,4671.8790317604125,50315.82568197442,51651.90672225957,1140.6346291666653,6751.58333055556
2025-03-13,q3,S3,joint_empirical,1,6024.09833625,6000.0,47316.158192805866,7.016510602242347,5749.482850908326,53072.657554316414,53264.44711900038,1288.8115222222195,6641.438838055561
2025-03-14,q3,S3,joint_empirical,1,6000.0,6015.537735,16627.523018009408,153.06390050479087,3628.7106975402567,20409.297616054457,20436.696952381597,835.2235212105614,14065.686714883403
2025-03-15,q3,S3,joint_empirical,1,6015.537735,6020.07876,16574.784251064528,136.5657612043711,4970.761178650696,21682.111190919608,21999.652376915143,1188.8627263888898,9341.92287354253
2025-03-16,q3,S3,joint_empirical,1,6020.07876,6030.81116625,44800.749475814126,-131.19050591216862,5889.073731047919,50558.6327009499,50737.54134428817,1278.9967402777784,6099.187320166671
2025-03-17,q3,S3,joint_empirical,1,6030.81116625,6015.440655,41096.214602323984,-638.1659224932214,8738.803949865278,49196.852629696026,49628.55784529881,1890.4330499999999,5313.429676444444
2025-03-18,q3,S3,joint_empirical,1,6015.440655,6011.9129775,47593.284876097285,-1927.3412301086532,3857.5209797201337,49523.46462570877,49628.26924282557,880.9460624999991,7321.590370833343
2025-03-19,q3,S3,joint_empirical,1,6011.9129775,6011.82202875,39213.583118671035,2174.625519983674,9935.478728984719,51323.687367639446,52538.04787393338,2210.050919444442,5526.202570833333
2025-03-20,q3,S3,joint_empirical,1,6011.82202875,6000.0,44318.9436517826,-1436.5202352375422,9871.090701181261,52753.5141177263,53632.360044102024,2349.6731902777783,4195.212455555561
2025-03-21,q3,S3,joint_empirical,1,6000.0,6000.0,15732.917094654173,0.0,4869.286009583333,20602.203104237495,20711.712999435276,1192.310027777777,16433.552391186724
2025-03-22,q3,S3,joint_empirical,1,6000.0,6023.475975,16493.926817250413,-50.984204682986,3132.1756509152733,19575.118263482706,19578.84664524451,838.5335527777765,13420.379367318237
2025-03-23,q3,S3,joint_empirical,1,6023.475975,6028.334718750001,45487.976522776014,-1628.4546435914451,4450.097894587802,48309.61977377236,48309.61977377236,1023.1791066944439,7851.446657513895
2025-03-24,q3,S3,joint_empirical,1,6028.334718750001,6028.33471875,42451.538840979076,-608.6626241956611,7177.716120835711,49020.59233761912,49292.23352882078,1797.9897555948191,6966.66493703704
2025-03-25,q3,S3,joint_empirical,1,6028.33471875,6029.6787,47003.31298091723,-2659.387542504794,5464.117920316814,49808.04335872926,50204.183340370226,1386.0486959362122,4997.327895833333
2025-03-26,q3,S3,joint_empirical,1,6029.6787,6032.4918262500005,40647.77759775388,-688.0191702445491,5770.390951657569,45730.149379166905,45730.149379166905,1297.163859619686,6084.484251291675
2025-03-27,q3,S3,joint_empirical,1,6032.4918262500005,6010.14147375,43145.10653959009,-1641.6242619621685,8379.37464133641,49882.856918964324,50511.13339066199,2025.1747842753769,5357.458293055559
2025-03-28,q3,S3,joint_empirical,1,6010.14147375,6010.93339125,16231.319312059743,-17.134093672013762,2631.0706150104147,18845.255833398136,18845.255833398136,653.3234416666658,18525.00123930007
2025-03-29,q3,S3,joint_empirical,1,6010.93339125,6019.367598749999,15232.15366214445,103.35907220458321,3754.2438112847235,19089.75654563375,19252.131322473117,923.5540208333338,20098.868365559338
2025-03-30,q3,S3,joint_empirical,1,6019.367598749999,6019.367598749999,42077.23334908808,-2390.7217996509175,9701.790582219337,49388.3021316565,49393.937576758304,2353.859389386146,4986.820944527774
2025-03-31,q3,S3,joint_empirical,1,6019.367598749999,6019.367598749999,36957.96176669223,2110.0473439243915,9205.68418901667,48273.69329963327,50836.800803257596,2129.727466666667,5309.003747085053
2025-04-01,q3,S3,joint_empirical,1,6019.367598749999,6020.7334574999995,44156.18595926454,-1344.9992011845482,6626.338200073419,49437.524958153415,49725.28231425854,1630.1211294238713,7095.5146166666655
2025-04-02,q3,S3,joint_empirical,1,6020.7334574999995,6019.274002499999,42674.206762022644,-280.7848845305985,5711.523874079096,48104.94575157115,48437.71020835222,1372.8872279708512,6460.669400000001
2025-04-03,q3,S3,joint_empirical,1,6019.274002499999,6000.0,43702.51920542723,-1959.6863450717685,4397.486348311117,46140.31920866657,46211.096621596465,1039.514038888889,7150.432622222226
2025-04-04,q3,S3,joint_empirical,1,6000.0,6019.4394975,14840.146905726935,0.0,3208.795078606943,18048.941984333884,18124.79473683981,765.5563069444445,20709.77154598971
2025-04-05,q3,S3,joint_empirical,1,6019.4394975,6014.955911249999,14571.913027466737,0.0,5408.169829349847,19980.08285681659,19980.08285681659,1327.0117259999988,15125.01249722223
2025-04-06,q3,S3,joint_empirical,1,6014.955911249999,6023.592622499999,40242.0419372292,-424.59807789489,3737.607867875695,43555.051727210004,43762.23015712568,901.5679486111101,7098.221772222219
2025-04-07,q3,S3,joint_empirical,1,6023.592622499999,6023.592622499999,36023.866864462216,648.9478605335357,8981.463143726385,45654.27786872214,46506.69277741132,1966.183187499999,5929.74431111111
2025-04-08,q3,S3,joint_empirical,1,6023.592622499999,6021.032771249999,41849.57876912835,-1612.1348458615325,5166.700423054834,45404.14434632165,45568.44397906109,1131.503949153977,7229.004148111117
2025-04-09,q3,S3,joint_empirical,1,6021.032771249999,6018.729041250001,40221.99489614517,501.2950482829116,4785.179731762293,45508.46967619036,45659.05030323216,1094.6088967611458,5808.090265347227
2025-04-10,q3,S3,joint_empirical,1,6018.729041250001,6000.0,39991.86720462239,-622.828415292263,6100.637194588193,45469.67598391832,45804.88476510168,1364.920379166666,7332.393923124997
2025-04-11,q3,S3,joint_empirical,1,6000.0,6000.0,13945.666379325598,231.35138043201295,6366.545998617958,20543.563758375563,20621.361221636675,1484.2408399005494,21219.630844250005
2025-04-12,q3,S3,joint_empirical,1,6000.0,6008.35822875,14954.899596116391,-128.97872004507195,3658.813365467363,18484.73424153868,18621.129009769484,889.3088541666665,18013.519556465722
2025-04-13,q3,S3,joint_empirical,1,6008.35822875,6011.07939,37917.272498666665,-151.09804257159723,5264.1984992043745,43030.37295529944,43367.68382782362,1162.0243681944437,6174.2444805555615
2025-04-14,q3,S3,joint_empirical,1,6011.07939,6017.66711625,40152.02394191532,-2357.796030991491,6881.371044405551,44675.59895532938,45121.81058302896,1777.0789888888878,5070.131040277774
2025-04-15,q3,S3,joint_empirical,1,6017.66711625,6014.189355,35189.698769170005,302.49441600559663,7071.095259124411,42563.28844430002,43453.00793350759,1524.8126620416692,7119.248610442388
2025-04-16,q3,S3,joint_empirical,1,6014.189355,6013.87216125,38225.349745755106,248.9365482719427,6649.089805007636,45123.37609903469,45818.955902608344,1591.0452916666657,6225.841637611108
2025-04-17,q3,S3,joint_empirical,1,6013.87216125,6000.0,35797.71826069713,1652.8690438343751,6332.946897624088,43783.53420215559,44242.9607710714,1387.3137188055562,6197.401399108371
2025-04-18,q3,S3,joint_empirical,1,6000.0,6000.0,14083.784693336307,0.0,3031.206052476386,17114.990745812695,17186.534780961032,706.5690888888882,19520.757685117984
2025-04-19,q3,S3,joint_empirical,1,6000.0,6007.56704625,13979.066315356802,208.58101050749988,2477.6978599777744,16665.34518584208,16708.252706332078,632.7333194444433,19474.16514638546
2025-04-20,q3,S3,joint_empirical,1,6007.56704625,6007.379546250001,36666.06670720159,-30.24918707549558,5054.185943240972,41690.00346336709,41690.00346336709,1151.716891666665,6740.068752638895
2025-04-21,q3,S3,joint_empirical,1,6007.379546250001,6013.8840525,37934.28965698246,-2138.378878566586,9004.507341852073,44800.418120267954,45023.73674449781,2186.7297416666643,6289.950067767837
2025-04-22,q3,S3,joint_empirical,1,6013.8840525,6018.303945,34484.00124489832,1607.312167645918,7110.0577120555645,43201.37112459981,44366.49686231281,1693.0350180555577,5714.905073611115
2025-04-23,q3,S3,joint_empirical,1,6018.303945,6020.4154125,33736.29587732178,2253.439477218383,6279.2936565375,42269.02901107764,42461.438910949146,1554.8199541666659,6087.94623905556
2025-04-24,q3,S3,joint_empirical,1,6020.4154125,6000.0,34927.07930188842,134.87683628845883,4661.997149418066,39723.95328759495,40007.71136878183,1067.9742638888922,8013.059455555557
2025-04-25,q3,S3,joint_empirical,1,6000.0,6000.0,13776.470771036064,-230.79534717929985,3414.762858910416,16960.43828276718,16960.43828276718,900.9050666666664,22895.141713888897
2025-04-26,q3,S3,joint_empirical,1,6000.0,6031.754249999999,13702.814874414238,0.0,3310.0472729587877,17012.862147373027,17068.89759079537,799.0917586419728,25174.63988611113
2025-04-27,q3,S3,joint_empirical,1,6031.754249999999,6032.85449625,34424.54706450485,1081.3233575907668,6394.531407525363,41900.40182962096,41921.544648960415,1461.7236820694457,8037.254061111121
2025-04-28,q3,S3,joint_empirical,1,6032.85449625,6024.996795,40346.82630808873,-519.1772703357865,5261.380850409531,45089.02988816247,45110.10909291861,1173.540516763887,7482.047352777778
2025-04-29,q3,S3,joint_empirical,1,6024.996795,6039.753862499999,35433.225183813534,50.20390494054496,4108.963002822911,39592.39209157698,39629.20834270294,965.2541486111095,8082.564494444445
2025-04-30,q3,S3,joint_empirical,1,6039.753862499999,6038.826528749999,34160.2280263424,-565.6841729615469,7630.255676625051,41224.79953000592,41234.40703091037,1785.0858045972195,5524.858827126198
2025-05-01,q3,S3,joint_empirical,1,6038.826528749999,6000.0,35746.550740214494,-248.9437712022392,13375.489881197278,48873.09685020952,49039.19773856646,2904.0702053702007,6923.761045833333
2025-05-02,q3,S3,joint_empirical,1,6000.0,6000.0,14880.370679582364,-81.587566409166,9302.51040684236,24101.29352001556,24101.29352001556,2041.6673624999994,14077.457696553502
2025-05-03,q3,S3,joint_empirical,1,6000.0,6018.812115,14106.104133722965,-34.830887455013844,10134.175341697786,24205.448587965733,24266.081504087164,2082.067928292181,18592.3922891118
2025-05-04,q3,S3,joint_empirical,1,6018.812115,6023.5331925,37867.60974839981,-2165.543324049209,16390.945279305586,52093.01170365615,52093.01170365615,3762.392201286009,4690.861212499995
2025-05-05,q3,S3,joint_empirical,1,6023.5331925,6022.742827500001,39769.05924045234,-1004.9544844455007,9398.827346637496,48162.93210264435,48550.14462804643,2090.993709722222,6265.6985958333335
2025-05-06,q3,S3,joint_empirical,1,6022.742827500001,6019.167052499999,34776.39709942861,694.9965192230745,14561.812416697767,50033.20603534944,50394.67110838453,3260.9134927638834,5100.196411111112
2025-05-07,q3,S3,joint_empirical,1,6019.167052499999,6025.423623749999,37588.60342083723,731.2577621839961,9234.977557192362,47554.83874021358,47605.55733317218,1975.3236500000025,6020.894072666668
2025-05-08,q3,S3,joint_empirical,1,6025.423623749999,6000.0,41154.756995459575,-893.5686434568604,7782.165237176698,48043.353589179416,48715.4160727421,1737.9675533750014,7822.753651680391
2025-05-09,q3,S3,joint_empirical,1,6000.0,6000.0,15489.629208845283,60.11105297719169,3662.237786535407,19211.978048357883,19332.462744147957,874.4936347222202,19162.903551125008
2025-05-10,q3,S3,joint_empirical,1,6000.0,6015.965775,15902.935007479029,79.94536225375074,3727.723179929157,19710.603549661937,19919.946001245233,903.8697194444429,16443.996878155005
2025-05-11,q3,S3,joint_empirical,1,6015.965775,6033.264119999999,39717.82690558874,-655.8850825138402,8679.39128792637,47741.33311100127,48284.60017976168,2085.9037861111074,6384.989269444448
2025-05-12,q3,S3,joint_empirical,1,6033.264119999999,6023.68968,36491.46043074069,929.8848887644316,6969.055661884028,44390.40098138914,45434.80768821453,1546.8789305555556,7548.546315277776
2025-05-13,q3,S3,joint_empirical,1,6023.68968,6024.384555000001,41367.595821220544,-1776.9029359458652,6777.135522068743,46367.82840734344,46420.04832702585,1450.8873444444434,7200.386793141286
2025-05-14,q3,S3,joint_empirical,1,6024.384555000001,6024.3845550000015,40463.43974601508,-932.8589334129698,3421.312293645835,42951.89310624797,42978.59896849075,815.1977208333334,7883.153497222223
2025-05-15,q3,S3,joint_empirical,1,6024.3845550000015,6000.0,40692.92793803839,-641.6186168959927,3894.2909625131983,43945.60028365559,44437.99971407174,931.5544611111118,7927.7842262688655
2025-05-16,q3,S3,joint_empirical,1,6000.0,6000.0,16514.666301552217,-208.59039608346262,2672.6487753527726,18978.72468082153,19009.527761769863,757.7408736111091,24770.300173611096
2025-05-17,q3,S3,joint_empirical,1,6000.0,6024.62293125,16360.683681918748,-43.145272664701466,3433.301302151388,19750.83971140544,19870.091572558435,888.8284388888886,17507.370652177644
2025-05-18,q3,S3,joint_empirical,1,6024.62293125,6023.4101775,42041.215315250454,-1123.125744746571,3101.9879806888907,44020.07755119277,44045.94492997875,743.7257111111114,9344.92278053841
2025-05-19,q3,S3,joint_empirical,1,6023.4101775,6023.4101775,38729.20724689144,-556.7701155225526,4224.803361197917,42397.2404925668,42397.2404925668,826.6310180555554,10515.504886111108
2025-05-20,q3,S3,joint_empirical,1,6023.4101775,6020.4146775,38421.464837160675,263.49209181358833,5171.903469822213,43856.860398796474,44362.30219144028,1194.948674999998,6805.798229166664
2025-05-21,q3,S3,joint_empirical,1,6020.4146775,6018.561794999999,36798.28833592368,1908.3937723687325,4342.610025834025,43049.292134126445,43927.829699232694,1150.3846444444434,7871.476080555551
2025-05-22,q3,S3,joint_empirical,1,6018.561794999999,6000.0,39069.943514993356,-147.06260177049393,2825.2875543624955,41748.16846758537,41967.2383634942,659.1165708333325,8743.626525428655
2025-05-23,q3,S3,joint_empirical,1,6000.0,6000.0,16325.654912912,364.1638296006071,1750.3808403409707,18440.199582853576,18440.199582853576,429.82080555555547,21523.89682916667
2025-05-24,q3,S3,joint_empirical,1,6000.0,6023.82999,16883.165469749725,-201.51880007931834,2275.6397335354172,18957.286403205828,19091.57283948038,557.476516666667,24046.788951388888
2025-05-25,q3,S3,joint_empirical,1,6023.82999,6027.49833,39221.15559038676,-852.8253368302281,4063.932093102777,42432.26234665931,42455.743246162616,1004.2467416666659,9860.370298765254
2025-05-26,q3,S3,joint_empirical,1,6027.49833,6023.3269575,38249.60669634465,2526.7109519517853,5138.479816799995,45914.797465096446,45914.797465096446,1470.6333208333326,8248.163544444447
2025-05-27,q3,S3,joint_empirical,1,6023.3269575,6025.5199575,36666.79672640827,526.4191710204149,5279.550891166667,42472.76678859534,43798.4465368213,1200.461063888889,8352.895344255823
2025-05-28,q3,S3,joint_empirical,1,6025.5199575,6020.998646249999,40425.6118914218,-475.4301827957791,3281.962044904165,43232.14375353019,43262.640639015895,941.2060625,9578.582575969818
2025-05-29,q3,S3,joint_empirical,1,6020.998646249999,6000.0,40472.847843020994,245.7852269124087,4224.453281125853,44943.08635105926,44991.47048178481,1034.4007146805566,8603.51189027778
2025-05-30,q3,S3,joint_empirical,1,6000.0,6000.0,16684.829837611807,-0.4147556131248632,2702.1632089312484,19386.57829092993,19386.57829092993,720.2550999999991,21768.71911160546
2025-05-31,q3,S3,joint_empirical,1,6000.0,6034.2808425,17912.362605155824,-435.9433352556759,2411.788877689583,19888.20814758974,19898.133951677366,684.2641402777773,21115.999832287387
2025-06-01,q3,S3,joint_empirical,1,6034.2808425,6030.876281250001,49745.82744987226,-2169.766395760347,22267.90767747422,69843.9687315861,69843.9687315861,5428.302111569443,4932.324815874999
2025-06-02,q3,S3,joint_empirical,1,6030.876281250001,6025.361613749999,50610.33524258075,-3572.2623097162314,21546.137369487835,68584.21030235234,68763.82481769806,5330.13963993999,3598.883538444451
2025-06-03,q3,S3,joint_empirical,1,6025.361613749999,6033.4247175,46954.52551198902,-678.759936085889,16093.757780952787,62369.52335685593,63172.48047749495,4113.581557835392,5785.792385862832
2025-06-04,q3,S3,joint_empirical,1,6033.4247175,6066.657783749999,54143.23372499694,-4155.756376546419,14370.37592171164,64357.85327016219,67717.33067839144,3875.8862784444436,5162.768859111111
2025-06-05,q3,S3,joint_empirical,1,6066.657783749999,6105.22665375,46590.38789914639,93.50434269280677,17371.426357859105,64055.318599698345,64057.44168228376,4260.944371433468,4437.300617125
2025-06-06,q3,S3,joint_empirical,1,6105.22665375,6100.542101250001,21294.770511081242,-180.23630296673568,9647.92476586917,30762.458973983677,30801.29301454034,2288.089164582819,6658.612200445804
2025-06-07,q3,S3,joint_empirical,1,6100.542101250001,6030.827808749999,23427.59116349841,-366.4275012180997,6830.48610123333,29891.64976351364,30021.64383961961,1456.5494305555553,10051.768982415459
2025-06-08,q3,S3,joint_empirical,1,6030.827808749999,6077.952202500001,48301.68021040144,-167.6162696193293,5109.58289255555,53243.64683333767,53264.326963114334,1190.1043222222206,7405.5021011666695
2025-06-09,q3,S3,joint_empirical,1,6077.952202500001,6063.771408749999,54793.49832606478,-1798.022558057126,5393.617095070475,58389.09286307814,58544.702599881595,1259.995791291669,7874.035138888894
2025-06-10,q3,S3,joint_empirical,1,6063.771408749999,6047.053034999999,50338.48114019911,82.65428254819389,5205.033166243066,55626.16858899033,55671.3762273951,1341.1743305555578,5944.368631652781
2025-06-11,q3,S3,joint_empirical,1,6047.053034999999,6025.53767625,54346.13708261045,1154.4349695811582,4485.84751404166,59986.41956623326,60498.79801322299,973.6168541666652,7377.169772041672
2025-06-12,q3,S3,joint_empirical,1,6025.53767625,6025.537676249999,52540.42888520421,-104.64510728611116,4706.005200820842,57141.78897873894,57204.79011188765,1025.9833750000018,7897.802927500005
2025-06-13,q3,S3,joint_empirical,1,6025.537676249999,6025.53767625,22279.811999729864,-3.008076064120463,3763.4285890352658,26040.23251270101,26314.05179451888,806.6743503600828,9036.010174365569
2025-06-14,q3,S3,joint_empirical,1,6025.53767625,6025.537676249999,23024.28198544892,-114.53837711096136,2847.1624210475334,25756.90602938549,25765.088418802156,692.8373391944453,12267.075962170622
2025-06-15,q3,S3,joint_empirical,1,6025.537676249999,6029.503173749999,50650.960324522086,1962.8831747926477,2748.578667886136,55362.422167200864,55378.60709459031,610.0852181755778,8740.36270511111
2025-06-16,q3,S3,joint_empirical,1,6029.503173749999,6029.50317375,52466.58092099567,821.4744963921105,3279.7112548187347,56567.76667220651,56579.682958921796,749.3789070816209,8261.197049706274
2025-06-17,q3,S3,joint_empirical,1,6029.50317375,6029.50317375,53673.81346702978,895.7915657379061,5004.862802886116,59574.4678356538,60440.07444005225,1132.7550347222236,8481.234401999998
2025-06-18,q3,S3,joint_empirical,1,6029.50317375,6029.503173749999,54073.89175863807,-316.8532802124755,3621.611488631947,57378.64996705753,58628.02775565858,898.1091041666675,11212.980744541679
2025-06-19,q3,S3,joint_empirical,1,6029.503173749999,6000.0,51462.300624424395,1607.8855300989285,3383.6642988527783,56453.85045337608,56485.306141624686,761.330698611111,9134.869456635804
2025-06-20,q3,S3,joint_empirical,1,6000.0,6000.0,23195.793345281898,-112.9694830521525,947.0713075743042,24029.895169804047,24029.895169804047,232.55952638888883,13915.080263959875
2025-06-21,q3,S3,joint_empirical,1,6000.0,6029.503173749999,22737.026169369306,-27.848402403888763,1974.4675993979163,24683.645366363333,24683.645366363333,413.99811944444434,16954.373764553828
2025-06-22,q3,S3,joint_empirical,1,6029.503173749999,6021.745957499999,50856.53422938871,1353.4028938760594,3257.0406604402797,55466.97778370505,56490.81898553275,787.2624361111112,10658.634687499994
2025-06-23,q3,S3,joint_empirical,1,6021.745957499999,6021.8095575,52418.517487575446,-62.11599800476335,2936.397175947224,55292.798665517905,55513.143843168036,601.6776208333337,11666.177077155015
2025-06-24,q3,S3,joint_empirical,1,6021.8095575,6019.867046249999,59757.94350636589,-716.07858279143,2242.012782783332,61283.877706357795,61368.70647935043,591.4368444444439,11009.308638163928
2025-06-25,q3,S3,joint_empirical,1,6019.867046249999,6052.820538749999,53105.73273693848,1789.6740148864953,2337.2033658527744,57232.61011767774,57280.63451573316,558.9441041666659,11780.386722208324
2025-06-26,q3,S3,joint_empirical,1,6052.820538749999,6000.0,51342.819292608125,751.1756087156134,2011.7421668361146,54105.73706815987,54305.23193242904,463.944462500001,10753.368830938785
2025-06-27,q3,S3,joint_empirical,1,6000.0,6000.0,23487.38488351431,-503.23149167812505,1019.603611668056,24003.757003504244,24003.757003504244,216.93479861111132,16484.721789043375
2025-06-28,q3,S3,joint_empirical,1,6000.0,6033.59196375,22576.490346987088,-2.7562393979167865,934.8424834453223,23508.57659103449,23508.57659103449,284.9957225972197,14241.54946156584
2025-06-29,q3,S3,joint_empirical,1,6033.59196375,6046.884472500001,50590.66510375717,2224.2260284899166,2012.6526145861092,54827.54374683322,55227.840855137045,543.3733513888882,9637.194255222223
2025-06-30,q3,S3,joint_empirical,1,6046.884472500001,6046.9240275,54990.89776923845,-565.8017187356429,3751.227022258328,58176.32307276112,58987.66483229057,904.4807680555541,11708.349722137687
2025-07-01,q3,S3,joint_empirical,1,6046.9240275,6052.73467125,48162.085258174455,232.92871691934346,25718.76705070815,74113.78102580192,74242.51431653931,7679.733645489704,1658.902554569446
2025-07-02,q3,S3,joint_empirical,1,6052.73467125,6063.3262912499995,46511.57274535235,-438.54130681059434,22037.247458349295,68110.27889689106,68158.83465467786,6008.934406538574,2037.8121641460948
2025-07-03,q3,S3,joint_empirical,1,6063.3262912499995,6000.0,52150.340568955166,-177.21954514958745,18582.52578249705,70555.64680630266,70674.34540505543,5167.540115055553,3305.4047120025725
2025-07-04,q3,S3,joint_empirical,1,6000.0,6000.0,22137.37002529319,0.0,17643.51819739713,39780.888222690344,39833.80130910798,4811.251488917688,11010.60056129166
2025-07-05,q3,S3,joint_empirical,1,6000.0,6058.35667875,23240.4598353425,0.0,14837.552999551008,38078.01283489351,38147.73097909475,3982.318024331279,12355.274190472226
2025-07-06,q3,S3,joint_empirical,1,6058.35667875,6059.8330237499995,50966.34956764937,3129.9334459361708,17342.486825802083,71438.76983938762,71576.90530730464,4000.2101315972204,4144.138883333336
2025-07-07,q3,S3,joint_empirical,1,6059.8330237499995,6039.52819125,51831.51856115218,-1014.6061749382288,13112.490357936806,63929.402744150786,65198.11490415983,3395.0661055555565,5443.800501861456
2025-07-08,q3,S3,joint_empirical,1,6039.52819125,6045.1131675000015,56738.68761620338,-1112.5666000966817,6909.5217786162975,62535.642794723004,63207.76422074243,1652.41750311111,7667.294631944451
2025-07-09,q3,S3,joint_empirical,1,6045.1131675000015,6032.21788875,56866.43989166268,-1350.1594130148314,5124.80251051025,60641.082989158116,60735.00574989827,1041.505081972219,9147.649763555553
2025-07-10,q3,S3,joint_empirical,1,6032.21788875,6017.216021250001,53121.78908644311,-446.35646321959973,8286.266902880845,60961.69952610436,61389.37380158524,2082.4345581666626,7255.107263124999
2025-07-11,q3,S3,joint_empirical,1,6017.216021250001,6000.0,27893.56218379626,-523.8594359998764,3090.841148057639,30460.543895854018,30460.543895854018,744.261497222222,10949.47192379972
2025-07-12,q3,S3,joint_empirical,1,6000.0,6038.73146625,26412.55910765431,375.6257415975002,2995.211985340278,29783.396834592088,29825.918164553746,645.4013874999998,11650.999756444444
2025-07-13,q3,S3,joint_empirical,1,6038.73146625,6038.73146625,57657.70913991313,-2961.8480622922507,3617.2124358715228,58313.07351349242,58313.07351349242,806.7340236111097,9387.506982736115
2025-07-14,q3,S3,joint_empirical,1,6038.73146625,6029.81971875,53762.54987648344,-837.4595921959724,6355.4722220977565,59280.56250638523,59281.41362318523,1323.8742686527771,8020.324073000001
2025-07-15,q3,S3,joint_empirical,1,6029.81971875,6029.81971875,58740.757644922225,-2004.0470834949074,3786.7770322763918,60523.48759370369,60966.32000017308,827.6431055555563,11206.612367972233
2025-07-16,q3,S3,joint_empirical,1,6029.81971875,6029.819718749999,57278.742065691615,-1005.6598144709264,2789.1429544027765,59062.225205623494,60182.944105504845,615.7214374999998,11695.009274929882
2025-07-17,q3,S3,joint_empirical,1,6029.819718749999,6029.819718749999,55889.65919564387,537.4630191980009,3227.077089140975,59654.199303982845,60023.72057616168,702.1310222222229,11424.693551577506
2025-07-18,q3,S3,joint_empirical,1,6029.819718749999,6000.0,31190.56547121771,-1015.5024971385591,1345.9293072979144,31520.99228137707,31520.99228137707,300.4263055555552,15777.995333813431
2025-07-19,q3,S3,joint_empirical,1,6000.0,6032.30480625,30911.48684734245,-769.8064658969017,2071.78111077629,32213.46149222183,32722.32265943378,636.0505375857346,19980.712313888907
2025-07-20,q3,S3,joint_empirical,1,6032.30480625,6032.280963749999,58597.83450985698,-827.6052635402227,2461.190642629861,60231.41988894664,60231.41988894664,470.43815416666666,14027.190857166677
2025-07-21,q3,S3,joint_empirical,1,6032.280963749999,6038.204838750001,59612.5439050714,-700.2752073539025,1326.437523183368,60238.70622090086,61761.096679102004,259.4818827331979,13836.574107861112
2025-07-22,q3,S3,joint_empirical,1,6038.204838750001,6048.758013750001,59625.89745953065,1746.0110096382475,1644.7009187840279,63016.60938795291,65749.15229360173,370.0333958333333,17102.347615652954
2025-07-23,q3,S3,joint_empirical,1,6048.758013750001,6039.403522500001,66166.05439162908,-3773.4853811025273,3751.192317233341,66143.76132775987,66440.58449230695,813.2642902777791,14230.033141599464
2025-07-24,q3,S3,joint_empirical,1,6039.403522500001,6000.0,65067.38940054653,-2674.70763430124,1566.2074158152793,63958.889182060564,63960.88603021084,340.53390833333356,16077.268252333326
2025-07-25,q3,S3,joint_empirical,1,6000.0,6000.0,29270.94945519388,-131.50988001402763,739.4808843902747,29878.920459570134,29896.3783685118,162.43260277777716,18745.784694152782
2025-07-26,q3,S3,joint_empirical,1,6000.0,6024.049214999999,29376.63784886473,-2.066639539976049,761.3692077861372,30135.94041711089,30216.29710159357,157.07239801097398,18664.614729695833
2025-07-27,q3,S3,joint_empirical,1,6024.049214999999,6022.250489999999,57122.8331230566,723.2043807069185,3663.3737720784757,61509.41127584199,61692.1411011433,810.860475000001,12672.043262499998
2025-07-28,q3,S3,joint_empirical,1,6022.250489999999,6037.127655,58924.31102590717,-29.469413164867795,2779.618801824999,61674.460414567315,62250.55797814286,609.3307652777776,10873.768372055556
2025-07-29,q3,S3,joint_empirical,1,6037.127655,6056.3089575,59405.25774418744,3669.070141979929,1029.754779843749,64104.08266601113,64238.49391904042,225.86208333333326,16337.404352680556
2025-07-30,q3,S3,joint_empirical,1,6056.3089575,6071.725173750001,54887.580906430165,6910.671553955555,1543.4010485638855,63341.65350894961,63429.57836107934,361.537562499999,14929.557179486115
2025-07-31,q3,S3,joint_empirical,1,6071.725173750001,6000.0,57223.03004622641,1485.5682664483613,3156.927584844448,61865.52589751923,61867.56652799422,678.3771861111119,13295.405114569441
2025-08-01,q3,S3,joint_empirical,1,6000.0,6000.0,29209.40584718251,-491.6704242480556,2151.073616332621,30868.809039267067,30911.04645654207,547.971368055552,23189.58666847223
2025-08-02,q3,S3,joint_empirical,1,6000.0,6023.05372875,30175.9146046559,-290.50047052079526,584.7412604076387,30470.15539454274,30756.61282645538,117.60584305555562,26010.599668106996
2025-08-03,q3,S3,joint_empirical,1,6023.05372875,6017.435355000001,49729.26980921482,-329.14165527672463,4072.030027096275,53472.15818103436,54088.75672500553,820.5934276666655,10871.300881944448
2025-08-04,q3,S3,joint_empirical,1,6017.435355000001,6021.6541575,52901.547514845195,-293.7358560416301,2640.0840847972195,55247.89574360079,55383.83637552371,579.9189861111103,12177.153491666657
2025-08-05,q3,S3,joint_empirical,1,6021.6541575,6016.31461125,51304.820851951816,620.243868505387,2954.236945895837,54879.301666353036,55123.99269983928,652.976258333334,12380.25039934722
2025-08-06,q3,S3,joint_empirical,1,6016.31461125,6035.353541249999,56890.699817719644,-1327.3906204601524,2124.352550920835,57687.66174818033,58048.356881400476,436.5873069444449,12880.931479166671
2025-08-07,q3,S3,joint_empirical,1,6035.353541249999,6000.0,55373.67726884786,-2264.7644426898846,2523.3437887881987,55632.256614946185,55764.6749400263,592.1554000000018,12213.798275000006
2025-08-08,q3,S3,joint_empirical,1,6000.0,6000.0,26390.855890788338,-5.786591355477086,1207.7107864875,27592.78008592036,27592.78008592036,240.25870555555554,26247.825520624992
2025-08-09,q3,S3,joint_empirical,1,6000.0,6035.7825975,26285.825502252777,-20.574903902402255,2520.4564478215275,28785.70704617191,28823.20571272983,572.5691916666665,22880.676338494508
2025-08-10,q3,S3,joint_empirical,1,6035.7825975,6027.152996250001,50816.23248354359,-829.9625789407344,2292.8813897035493,52279.1512943064,52353.43026611182,524.0499876527747,8871.769065432103
2025-08-11,q3,S3,joint_empirical,1,6027.152996250001,6033.44701875,49280.76309617188,678.1868277500247,3561.5825895097314,53520.532513431644,53593.75320445456,824.2047597222237,11122.726523722224
2025-08-12,q3,S3,joint_empirical,1,6033.44701875,6024.03143625,52191.01940183507,-515.937783084148,3536.3312462527742,55211.41286500368,55520.52946926023,835.1830472222213,10045.11896865243
2025-08-13,q3,S3,joint_empirical,1,6024.03143625,6019.693035,48117.28454596537,55.54382485064936,5556.945506459714,53729.77387727572,53729.77387727572,1245.2015027777757,8115.517143055563
2025-08-14,q3,S3,joint_empirical,1,6019.693035,6000.0,49749.53151094069,667.4633260311222,4462.698447634718,54879.69328460654,54897.63659620099,867.4517916666658,9921.798011111117
2025-08-15,q3,S3,joint_empirical,1,6000.0,6000.0,25576.53525419639,-349.38656597944373,2821.3461751965333,28048.494863413478,28080.839130986817,696.1807861111124,22853.99828773611
2025-08-16,q3,S3,joint_empirical,1,6000.0,6035.277776249998,26583.490214614118,-852.3121569436593,4213.9814966520935,29945.15955432255,30038.79822175602,944.9874944444466,22888.31954166667
2025-08-17,q3,S3,joint_empirical,1,6035.277776249998,6059.6155275,50009.22828707772,-811.3851296553255,4868.253319434029,54066.09647685642,54292.35317575995,1044.6707277777778,9691.389076888381
2025-08-18,q3,S3,joint_empirical,1,6059.6155275,6033.209313750001,48936.00528456007,-542.8152974153419,6005.579889904216,54398.76987704894,54406.20080749644,1370.7973192083407,8586.188056737663
2025-08-19,q3,S3,joint_empirical,1,6033.209313750001,6032.13118875,48188.45041656721,-130.0111507654155,5116.320896634337,53174.76016243614,54134.0709152995,1164.8251736388897,9052.923058744878
2025-08-20,q3,S3,joint_empirical,1,6032.13118875,6024.51876375,52222.24574246306,-886.4935265956433,7913.670998965771,59249.4232148332,59722.602902116625,1893.855786930554,7222.440771333342
2025-08-21,q3,S3,joint_empirical,1,6024.51876375,6000.0,49459.2965935423,-724.1099263302822,4679.059467046526,53414.24613425853,54393.13133314687,1013.3241597222202,7630.062172359396
2025-08-22,q3,S3,joint_empirical,1,6000.0,6000.0,24396.08983222694,-126.91248413256875,7465.410172635771,31734.58752073014,31769.08888341847,1860.299739626197,18728.270176388894
2025-08-23,q3,S3,joint_empirical,1,6000.0,6045.807315000001,24063.31090475999,656.6088655683327,4686.158195122942,29406.07796545127,29430.655147252102,1196.9336937959567,17762.93900555556
2025-08-24,q3,S3,joint_empirical,1,6045.807315000001,6052.4086575,48026.66011100254,-21.23885984020867,6615.075358981931,54620.49661014426,56512.73198773889,1419.834795833331,8556.016352205937
2025-08-25,q3,S3,joint_empirical,1,6052.4086575,6047.362533750001,61236.237911842356,-4866.070990011536,5573.769017934506,61943.93593976532,61943.93593976532,1245.9689095694407,8656.693188888892
2025-08-26,q3,S3,joint_empirical,1,6047.362533750001,6025.5734062500005,48528.25660042462,463.46789318521365,6079.08971066346,55070.814204273265,55368.51611663758,1387.9194160853904,7780.891856944449
2025-08-27,q3,S3,joint_empirical,1,6025.5734062500005,6019.14887625,48953.74459582942,2270.951649448289,6154.4126207288855,57379.108866006594,59312.84934875897,1322.7090669722213,8781.603075891628
2025-08-28,q3,S3,joint_empirical,1,6019.14887625,6000.0,47875.59261796235,3003.1438512088816,8393.037862068164,59271.7743312394,60560.807833131905,2330.704092750001,6432.835899999998
2025-08-29,q3,S3,joint_empirical,1,6000.0,6000.0,26290.936338868058,-278.53991893932067,3211.9960163169144,29224.392436245656,29679.2185533841,714.3627060528122,18824.08847311387
2025-08-30,q3,S3,joint_empirical,1,6000.0,6036.7986375,25077.955075740578,-161.26985460452164,4126.237133440598,29042.922354576647,29042.922354576647,1062.2430103737984,21411.88422377743
2025-08-31,q3,S3,joint_empirical,1,6036.7986375,6044.153264999999,48907.22908366924,612.2790405552902,7985.709789843481,57505.21791406801,57607.932428014676,1948.032364704729,8440.904916666672
2025-09-01,q3,S3,joint_empirical,1,6044.153264999999,6040.634804999999,54136.03130007073,-2175.5775992832787,1074.9712907645837,53035.42499155203,53485.80588193755,230.38595833333346,21654.440479789268
2025-09-02,q3,S3,joint_empirical,1,6040.634804999999,6040.634805,48039.2529761669,565.9247985664953,2039.225499179861,50644.40327391326,52167.85481764323,433.3583277777776,18658.549686111124
2025-09-03,q3,S3,joint_empirical,1,6040.634805,6041.92028625,50559.77566567888,-424.3389907967734,1839.1098647770873,51974.5465396592,52130.5620429324,408.5456958333342,18984.049785253606
2025-09-04,q3,S3,joint_empirical,1,6041.92028625,6000.0,49717.449513290354,-709.3232624560517,2838.028497231946,51846.15474806627,52134.29351255132,547.6735027777781,18091.2282529321
2025-09-05,q3,S3,joint_empirical,1,6000.0,6000.0,25050.581877400004,-362.2836455461122,1766.8456672458308,26455.143899099723,26465.309957377216,397.90357222222167,31760.56702926389
2025-09-06,q3,S3,joint_empirical,1,6000.0,6031.9643099999985,24836.843068085836,246.32461563230322,829.9589387513901,25913.12662246953,25915.041695749525,184.70030277777803,31338.094579166664
2025-09-07,q3,S3,joint_empirical,1,6031.9643099999985,6020.496195,47408.772082802665,1855.2128721851286,2861.308222111108,52125.293177098894,53043.58557735812,564.574230555555,18137.879656967256
2025-09-08,q3,S3,joint_empirical,1,6020.496195,6021.86157,49728.67222352722,145.1395589296626,3733.4111538715224,53607.22293632841,53736.85788964799,782.9939055555546,15633.661016916678
2025-09-09,q3,S3,joint_empirical,1,6021.86157,6034.5925987499995,43741.25797760704,1026.604916055032,5399.751801181257,50167.61469484334,51599.738599690754,1114.712130555557,13703.184251388888
2025-09-10,q3,S3,joint_empirical,1,6034.5925987499995,6029.458935,50104.208392589586,-651.0029053560403,3185.1998860916615,52638.40537332521,53107.646791499326,708.8751249999989,13091.48239402487
2025-09-11,q3,S3,joint_empirical,1,6029.458935,6000.0,49861.527381569045,-2431.0772932182526,3720.691593755265,51151.14168210607,51181.33342458559,810.622034139232,14163.269557333337
2025-09-12,q3,S3,joint_empirical,1,6000.0,6000.0,22539.064431780414,0.0,1805.6709693104194,24344.735401090835,24466.96616642127,377.84856388888943,24863.363532819447
2025-09-13,q3,S3,joint_empirical,1,6000.0,6061.0449075,22286.101382207642,40.53406126430423,1938.7846047315838,24265.42004820353,24286.478338619505,410.07741311111124,27960.105275034293
2025-09-14,q3,S3,joint_empirical,1,6061.0449075,6048.216018749999,52327.155010649236,-2145.296040021928,2101.8851035583316,52283.744074185655,52910.02115678018,452.70398333333287,12620.778296513903
2025-09-15,q3,S3,joint_empirical,1,6048.216018749999,6081.5414775,40986.32143549967,-141.78815202251553,9287.157478162098,50131.69076163928,50272.09546129625,2007.324990569442,7436.7521466057915
2025-09-16,q3,S3,joint_empirical,1,6081.5414775,6060.881835,48403.06428855069,-2329.3985034608763,5227.500504266654,51301.16628935647,51319.872496696466,1246.7511876028818,8595.494168791665
2025-09-17,q3,S3,joint_empirical,1,6060.881835,6101.805757500001,45864.86243378969,-1281.4942493398316,5885.062289729311,50468.43047417918,50523.06759909793,1550.4340953189326,6712.786538888893
2025-09-18,q3,S3,joint_empirical,1,6101.805757500001,6000.0,40216.29503456669,3439.969929761251,6436.54829888617,50092.81326321409,51064.00243618157,1407.5215720164638,7159.949283845172
2025-09-19,q3,S3,joint_empirical,1,6000.0,6000.0,18637.56270186723,-34.45517577118045,5470.81186521111,24073.919391307165,24073.919391307165,1400.2750041666663,15867.849713343454
2025-09-20,q3,S3,joint_empirical,1,6000.0,6041.143027500001,18277.78897116042,-99.55803148972215,7520.881774551377,25699.112714222076,25699.112714222076,1734.3868972222185,16119.206123508227
2025-09-21,q3,S3,joint_empirical,1,6041.143027500001,6058.997872500001,43553.392544108676,-811.0251714921419,8513.585604883863,51255.9529775004,51255.9529775004,1987.9973146111115,7460.636501457478
2025-09-22,q3,S3,joint_empirical,1,6058.997872500001,6057.701471250001,44308.67698507807,-2662.793813504681,16312.876505612958,57958.759677186354,57964.79585491746,3942.197288340022,3036.4578263888925
2025-09-23,q3,S3,joint_empirical,1,6057.701471250001,6021.34850625,43848.24746745775,-1106.8124861024426,14066.202640202144,56807.63762155749,56832.80112820388,3163.6284150720153,4349.180358305561
2025-09-24,q3,S3,joint_empirical,1,6021.34850625,6051.0674850000005,38251.50002904181,1988.9930611052318,15959.35780155764,56199.8508917047,56199.8508917047,3914.106129166667,2673.720894444447
2025-09-25,q3,S3,joint_empirical,1,6051.0674850000005,6000.0,42913.71743018486,-44.862173257843516,10836.82118915838,53705.67644608539,53906.5648310233,2712.6391084406678,7282.728659722223
2025-09-26,q3,S3,joint_empirical,1,6000.0,6000.0,18117.655576439567,-182.28724307687477,6437.441696030518,24372.810029393226,24414.24783468031,1592.067971399174,13660.565938888893
2025-09-27,q3,S3,joint_empirical,1,6000.0,6019.8284475,17734.208608611807,46.4781568858327,9826.83960418835,27607.526369686006,27883.744684714755,2320.291712157061,14175.995525000002
2025-09-28,q3,S3,joint_empirical,1,6019.8284475,6053.06972625,43977.52830741151,860.683167928589,9770.813548882641,54609.02502422274,55836.004519738,2430.9587499999993,6494.710601388888
2025-09-29,q3,S3,joint_empirical,1,6053.06972625,6046.08112125,44483.39057716331,-2315.2049420284156,19914.80721460763,62082.992849742506,62521.83511688311,4773.438501388887,2921.2806777777814
2025-09-30,q3,S3,joint_empirical,1,6046.08112125,6038.9112975,44069.335399472104,-132.1895711359373,13827.955338580576,57765.1011669167,57981.379656646975,3337.626005555559,3825.9400723055596
2025-10-01,q3,S3,joint_empirical,1,6038.9112975,6042.97482,41295.709701184656,-1219.4673377169645,5974.522691909029,46050.76505537673,46195.4315615798,1438.594552777778,10745.348130916673
2025-10-02,q3,S3,joint_empirical,1,6042.97482,6000.0,46319.99356086303,-3497.664720896836,5553.2618960437485,48375.59073600994,48419.66642836438,1442.0655208333333,9381.300876027783
2025-10-03,q3,S3,joint_empirical,1,6000.0,6000.0,16717.18667428,131.6056570812503,4259.652622356388,21108.444953717633,21108.444953717633,1031.7400454218123,21688.883454166673
2025-10-04,q3,S3,joint_empirical,1,6000.0,6046.50241875,18051.34487786463,-48.37189959453708,3932.95437628958,21935.92735455967,21966.43148577384,987.5365138888878,18623.622040895058
2025-10-05,q3,S3,joint_empirical,1,6046.50241875,6035.565075,45682.67640307018,-2820.8615475924453,6429.193950711329,49291.008806189064,49425.80756345202,1547.9117393333318,7273.06896673611
2025-10-06,q3,S3,joint_empirical,1,6035.565075,6028.43613375,39098.97588436221,862.3579645251469,9410.07721052431,49371.41105941167,49595.72885975723,2177.7462236111132,4725.725659652783
2025-10-07,q3,S3,joint_empirical,1,6028.43613375,6012.331893750001,42093.307432763475,634.6978747731632,4951.940039536107,47679.94534707275,47705.90100830692,1192.6583486111103,7883.54770695834
2025-10-08,q3,S3,joint_empirical,1,6012.331893750001,6020.63103375,40114.98927768207,-377.18745743159656,7844.52844288911,47582.330263139585,47718.07312781764,1724.5062901748952,5841.822709791673
2025-10-09,q3,S3,joint_empirical,1,6020.63103375,6000.0,46504.5614014064,-3701.6057430396986,8764.35730704375,51567.31296541045,51771.85893658523,1949.990297222223,5734.854450000007
2025-10-10,q3,S3,joint_empirical,1,6000.0,6007.985467500001,17214.662133545644,-91.56487577673632,5257.088261053983,22380.185518822887,22383.346326274135,1299.7770978350495,21523.685562774343
2025-10-11,q3,S3,joint_empirical,1,6007.985467500001,6015.57753375,17640.645087038207,0.0,2486.476449819021,20127.12153685723,20155.78329648362,589.0152202361089,16998.786140020587
2025-10-12,q3,S3,joint_empirical,1,6015.57753375,6023.843557499999,41914.5175681693,-310.7705156342391,8546.243556969455,50149.99060950452,50202.660898346054,1944.9794847222252,6842.37020980024
2025-10-13,q3,S3,joint_empirical,1,6023.843557499999,6018.317868749999,43346.41638986663,-1337.4253143203898,8558.498153321518,50567.48922886777,50695.8199542843,1899.1184222222198,6115.185202777776
2025-10-14,q3,S3,joint_empirical,1,6018.317868749999,6018.317868749999,45468.10152582219,-1577.240913062424,8771.110206474992,52661.97081923475,53800.630269954265,2154.3932583333303,5579.841468277784
2025-10-15,q3,S3,joint_empirical,1,6018.317868749999,6018.70490625,45727.5807166415,-1629.7295946786296,5919.521794994435,50017.37291695731,50580.27552431205,1349.3363069444422,5187.171540277783
2025-10-16,q3,S3,joint_empirical,1,6018.70490625,6000.0,43324.19981006294,622.4208484040099,7708.292555452073,51654.91321391905,51685.70582351793,1770.5092722222198,5515.9764361111165
2025-10-17,q3,S3,joint_empirical,1,6000.0,6049.2194174999995,16105.228478765692,434.883768830285,5805.27086136666,22345.38310896264,22403.589909619535,1381.698386111109,14060.531238750002
2025-10-18,q3,S3,joint_empirical,1,6049.2194174999995,6050.89063125,17525.13464806815,-250.47183668125004,4272.931669259144,21547.594480646047,21547.594480646047,999.5931992500061,14559.086327722214
2025-10-19,q3,S3,joint_empirical,1,6050.89063125,6016.463448750001,45488.2755135861,-653.2459887616321,7557.923868849312,52392.95339367379,52392.95339367379,1636.1540634259268,5177.281600221711
2025-10-20,q3,S3,joint_empirical,1,6016.463448750001,6026.183400000001,48576.99825384713,-1231.2892566985104,3921.3298938652833,51267.03889101389,51281.06075681792,914.339934722223,6550.848634327853
2025-10-21,q3,S3,joint_empirical,1,6026.183400000001,6023.29051875,46607.83334536352,-402.2615451492943,5713.592471922467,51919.16427213668,51935.330908769174,1381.6905585138861,5296.784359722224
2025-10-22,q3,S3,joint_empirical,1,6023.29051875,6036.580185000001,44536.6867703839,371.2029955780487,10239.736117920034,55147.62588388197,55576.07622932101,2215.2723378772257,5265.201091407408
2025-10-23,q3,S3,joint_empirical,1,6036.580185000001,6020.88354375,51809.737443978665,-4128.272570962111,9450.30979066197,57131.774663678494,57362.335450509745,1966.1246006249976,5016.121078708336
2025-10-24,q3,S3,joint_empirical,1,6020.88354375,6000.0,16846.729655185845,-7.919174104236028,7869.7861491853655,24708.596630266977,24708.596630266977,1631.756461354597,12892.409775840195
2025-10-25,q3,S3,joint_empirical,1,6000.0,6021.567645000001,17395.302456912545,-34.16344108791689,5950.569324803453,23311.708340628073,23311.708340628073,1298.8614013888855,12405.523755204737
2025-10-26,q3,S3,joint_empirical,1,6021.567645000001,6022.6892400000015,48991.07949382813,-2324.6913529977783,6556.390930518724,53222.77907134908,53520.36522492583,1417.6603479722194,4969.393172222224
2025-10-27,q3,S3,joint_empirical,1,6022.6892400000015,6022.064895000001,44624.96329379996,1371.2431378090348,6211.146753085415,52207.35318469444,53411.34293553635,1375.9277888888887,7162.074208058988
2025-10-28,q3,S3,joint_empirical,1,6022.064895000001,6023.041845000001,44651.48950420619,1354.8322492456477,6652.533173364595,52658.854926816435,53337.80720223815,1487.0270986111127,4832.53870138889
2025-10-29,q3,S3,joint_empirical,1,6023.041845000001,6025.494161250001,48851.17812666918,-360.82627796133556,7396.934647647,55887.286496354856,55887.286496354856,1545.1885893888898,5997.424557319451
2025-10-30,q3,S3,joint_empirical,1,6025.494161250001,6015.81116625,43892.08974756586,800.2823525740253,8397.726617479157,53090.09871761907,53310.65176500036,1846.715079166664,4429.236266388888
2025-10-31,q3,S3,joint_empirical,1,6015.81116625,6010.304576249999,18532.9760880798,-378.6764045238192,5639.440336596517,23793.74002015249,23857.54328793554,1235.543498611109,8222.682770083335
2025-11-01,q3,S3,joint_empirical,1,6010.304576249999,6010.31200125,18045.439038163,-84.92010034472203,4537.514194200787,22498.033132019063,22570.10992943906,1090.4852440555574,9587.85236311951
2025-11-02,q3,S3,joint_empirical,1,6010.31200125,6011.4638700000005,48313.925466866196,595.7147533638213,6060.0867044430515,54969.72692467308,55530.8016038971,1300.9378222222203,5443.623084722227
2025-11-03,q3,S3,joint_empirical,1,6011.4638700000005,6011.63883,51348.89206843387,-1449.1702409923082,5373.879945809534,55273.60177325109,55273.60177325109,1276.970427349107,5965.883496513892
2025-11-04,q3,S3,joint_empirical,1,6011.63883,6010.746416249999,47764.59956650425,-135.1634607101345,6914.26538411011,54543.701489904226,54820.19275445492,1546.078519792009,6102.5362723079525
2025-11-05,q3,S3,joint_empirical,1,6010.746416249999,6013.8283462499985,53091.72357234039,-2471.2341610975063,5878.925007595145,56499.41441883802,56658.13312697566,1423.0544625000005,5069.43829166667
2025-11-06,q3,S3,joint_empirical,1,6013.8283462499985,6012.570802499999,49590.27539553688,-120.46070462326755,5207.183501588901,54676.99819250251,54755.560618390424,1162.1263333333359,4572.2388646111085
2025-11-07,q3,S3,joint_empirical,1,6012.570802499999,6007.7950725,18733.7061203392,0.0,3604.7314013231558,22338.43752166234,22338.842737517498,827.7782039094662,9905.649698305213
2025-11-08,q3,S3,joint_empirical,1,6007.7950725,6011.27727375,19150.19963030055,-105.49280629527726,3648.407855833115,22693.11467983838,22693.11467983838,877.5901879444441,9969.818623028124
2025-11-09,q3,S3,joint_empirical,1,6011.27727375,6011.27727375,50953.73704512472,-394.1784185715418,4639.752655242544,55199.311281795715,55199.311281795715,1101.6987373971197,5463.757505712107
2025-11-10,q3,S3,joint_empirical,1,6011.27727375,6013.991684999999,51575.56256717841,1424.0515098030182,5581.162580250458,58580.77665723185,58738.56828270019,1306.7199800925896,5994.322756035666
2025-11-11,q3,S3,joint_empirical,1,6013.991684999999,6017.504846249998,53454.677309589315,-1456.3090827085837,4520.412964512094,56518.781191392816,56518.781191392816,1041.2966899176963,5802.64705277778
2025-11-12,q3,S3,joint_empirical,1,6017.504846249998,6013.073186249999,50413.34518273933,994.5279032738493,4835.147265766357,56243.02035177956,57016.19888409857,1076.580204801095,6381.900638569448
2025-11-13,q3,S3,joint_empirical,1,6013.073186249999,6011.725454999999,49406.14457762279,712.0549538930561,6997.128235158328,57115.327766674185,57118.95689309085,1706.7304680555542,4402.576913763892
2025-11-14,q3,S3,joint_empirical,1,6011.725454999999,6013.026524999999,19277.460374482493,-60.80023737812471,5649.670314702984,24866.330451807356,24995.08509364055,1320.5028414266117,6274.171294236114
2025-11-15,q3,S3,joint_empirical,1,6013.026524999999,6013.18561875,21756.09604346995,-597.4330472336546,5435.365672459712,26594.028668696006,26594.028668696006,1235.487449999998,8890.83308283608
2025-11-16,q3,S3,joint_empirical,1,6013.18561875,6013.633447499999,51572.50901420189,425.9935694001964,6140.860850012497,58139.36343361457,58822.7884009856,1514.7326097222215,4712.5341583333375
2025-11-17,q3,S3,joint_empirical,1,6013.633447499999,6008.531752499999,49444.84462896845,3550.189146944083,4734.131277120834,57729.16505303337,58749.42275320178,1105.2802361111108,6371.943975000005
2025-11-18,q3,S3,joint_empirical,1,6008.531752499999,6009.18864375,51823.5811481041,-71.28441406951366,5604.377512301456,57356.67424633604,57903.9111264667,1305.426709305555,4290.1828534444385
2025-11-19,q3,S3,joint_empirical,1,6009.18864375,6012.1913512500005,51597.18761997037,2732.2475197075373,3769.0735028916633,58098.50864256958,59058.303882371474,978.8545791666662,5556.697174999998
2025-11-20,q3,S3,joint_empirical,1,6012.1913512500005,6020.662372500001,51049.087758789836,860.9771945719928,6887.789345352615,58797.85429871446,58827.832684454464,1541.5285947916693,4558.2892777777815
2025-11-21,q3,S3,joint_empirical,1,6020.662372500001,6011.256731250001,20223.94733913956,226.8199068022227,4616.300289740969,25067.06753568274,25408.05918702344,1171.6179092592579,7034.338908245202
2025-11-22,q3,S3,joint_empirical,1,6011.256731250001,6021.301710000001,22894.808000744728,-842.890406658334,2820.3375611873594,24872.25515527376,24877.01720862376,701.1991238888882,7260.153938132031
2025-11-23,q3,S3,joint_empirical,1,6021.301710000001,6020.10294375,52092.322955410586,1095.981814115137,5417.053677185413,58605.358446711136,59596.36973495655,1322.1884124999992,4901.986377434843
2025-11-24,q3,S3,joint_empirical,1,6020.10294375,6011.073592500001,51466.7721303105,-61.786520663917585,5775.071655969452,57180.057265616044,57737.92696255414,1360.8752750000012,4451.099722222225
2025-11-25,q3,S3,joint_empirical,1,6011.073592500001,6013.048072499999,59481.83207512824,-2525.2217767979037,3223.5032599681144,60180.11355829842,60181.32870233299,778.7294851508914,6037.767000360082
2025-11-26,q3,S3,joint_empirical,1,6013.048072499999,6026.614511249998,55718.519430232904,-79.56578695339151,4834.722460471297,60473.67610375081,60486.60870492789,1139.3749151234567,6468.243277777778
2025-11-27,q3,S3,joint_empirical,1,6026.614511249998,6010.837241249999,54107.23515200739,74.53542590055608,4742.637253528023,58924.40783143597,58924.40783143597,1054.20017311111,6139.843565650212
2025-11-28,q3,S3,joint_empirical,1,6010.837241249999,6009.84625875,21240.878936661804,-111.56654541097234,3685.4356985027166,24814.748089753546,24814.748089753546,862.4963231824415,6209.11636992455
2025-11-29,q3,S3,joint_empirical,1,6009.84625875,6013.546008749999,26267.38342357414,-1583.8170125543195,3025.8451528857627,27709.41156390559,27816.591813264895,810.5832846536333,6663.986175068585
2025-11-30,q3,S3,joint_empirical,1,6013.546008749999,6020.824938749999,56267.81998189654,76.22157266868791,6348.8226424220875,62692.864196987284,63396.341654148215,1432.5562260833306,5222.521973611117
2025-12-01,q3,S3,joint_empirical,1,6020.824938749999,6027.167662499999,59078.77914797403,-1836.1388111920605,20866.70998407321,78109.3503208552,78109.3503208552,5452.435003277775,2038.8273263888884
2025-12-02,q3,S3,joint_empirical,1,6027.167662499999,6017.97070875,61245.78328230926,-1351.4273527057524,14610.015154207225,74504.37108381072,74504.37108381072,3922.1957758333333,2259.332399999999
2025-12-03,q3,S3,joint_empirical,1,6017.97070875,6023.60798625,54462.26965230936,2964.469998578871,16703.494843723605,74130.23449461187,74130.23449461187,4362.2775527777785,1854.6264847222258
2025-12-04,q3,S3,joint_empirical,1,6023.60798625,6015.50765625,60441.88400195068,-1670.4854128072907,16871.59113111906,75642.98972026249,75642.98972026249,4290.437509454561,2613.5849443333373
2025-12-05,q3,S3,joint_empirical,1,6015.50765625,6017.0978175,24879.0088883063,-157.05109426520116,7465.529081513889,32187.486875554994,32187.486875554994,1983.4310172361077,3714.5949791666662
2025-12-06,q3,S3,joint_empirical,1,6017.0978175,6009.177795,26740.338399078166,-436.7058587475284,6338.988655608032,32642.62119593867,32862.41914982189,1703.1982251666668,3459.9604728333356
2025-12-07,q3,S3,joint_empirical,1,6009.177795,6034.9151249999995,63529.03686412887,-1979.6349992231305,10183.27119601043,71732.67306091618,71938.68540979676,2779.3843930555577,3414.36698544239
2025-12-08,q3,S3,joint_empirical,1,6034.9151249999995,6024.4755375,64319.11476218426,-491.89093898731437,4702.823174657809,68530.04699785476,68587.34746432825,1085.7652439166648,7071.920463963476
2025-12-09,q3,S3,joint_empirical,1,6024.4755375,6024.475537500002,63723.543463274305,-912.8437214903539,5475.411480922213,68286.11122270618,68429.42984815725,1222.9015791666648,5472.419638545962
2025-12-10,q3,S3,joint_empirical,1,6024.475537500002,6024.046162500002,60530.14761423736,832.025974962669,6547.6227940982235,67909.79638329824,68132.7355719399,1489.0767939357,4065.632371638896
2025-12-11,q3,S3,joint_empirical,1,6024.046162500002,6038.60973,63202.67625552286,-904.829883534062,3750.5828831538406,66048.42925514265,66175.52543657555,943.6861070000006,6185.865730444447
2025-12-12,q3,S3,joint_empirical,1,6038.60973,6038.60973,27031.588499343336,664.827866022661,3971.438273366668,31667.85463873266,31686.85211831058,965.7423291666667,5862.321632666663
2025-12-13,q3,S3,joint_empirical,1,6038.60973,6034.395855,28127.70451167171,-144.27773044032122,3841.0044107515914,31824.43119198298,32333.80041993341,869.609356744169,5704.752415999999
2025-12-14,q3,S3,joint_empirical,1,6034.395855,6034.395855,60579.54737638764,1846.301763624793,5892.365042119444,68318.21418213188,68347.01770331214,1276.3867444444445,4465.148248909299
2025-12-15,q3,S3,joint_empirical,1,6034.395855,6036.992534999999,61738.88828292144,2722.3944559848637,3897.506226235416,68358.78896514174,68504.2818321827,904.5672000000003,5967.45664695851
2025-12-16,q3,S3,joint_empirical,1,6036.992534999999,6036.992534999999,66387.57585323238,-813.5715498249003,2372.2879901611027,67946.29229356858,68044.66827312038,620.9607722222198,6825.434657861116
2025-12-17,q3,S3,joint_empirical,1,6036.992534999999,6037.072046249999,66555.94850650095,-1574.065284610518,3766.79948809931,68748.68270998969,68990.12098818673,821.1131527777784,6903.131134249998
2025-12-18,q3,S3,joint_empirical,1,6037.072046249999,6031.6071525,63686.347468254266,-151.82816598551466,3621.920450569545,67156.4397528383,67424.80817986034,887.7001521116276,6900.239110069445
2025-12-19,q3,S3,joint_empirical,1,6031.6071525,6026.0300962500005,27817.348174322433,364.5254284266944,4156.921252695827,32338.794855444954,32533.165119539124,983.5318402777768,6818.914227597223
2025-12-20,q3,S3,joint_empirical,1,6026.0300962500005,6027.013128749999,29747.458092238787,-677.7460986292332,2217.1537436465255,31286.86573725608,31390.975097183593,511.85476805555504,7234.284883333337
2025-12-21,q3,S3,joint_empirical,1,6027.013128749999,6026.652813749999,65588.44077399897,-523.1299350482112,3797.486051398604,68862.79689034935,69111.92272783225,1133.9877055555537,7333.390409585911
2025-12-22,q3,S3,joint_empirical,1,6026.652813749999,6025.14211875,65375.57354074188,-113.11766719727373,1690.082912234727,66952.53878577932,67277.8947282381,361.70910972222305,7715.155184472225
2025-12-23,q3,S3,joint_empirical,1,6025.14211875,6027.484035000001,67015.32559501375,-1218.482024578993,1748.7167559916686,67545.56032642642,67745.49909043213,392.66458750000055,8768.586470833337
2025-12-24,q3,S3,joint_empirical,1,6027.484035000001,6026.63933625,65340.87679815234,-367.0937672483026,2249.6054316583295,67223.38846256239,67223.38846256239,547.123888888888,8113.579750000002
2025-12-25,q3,S3,joint_empirical,1,6026.63933625,6025.174102499999,62066.8268796544,892.2813695772958,2802.9950169041663,65762.10326613589,65770.21575290004,690.4571555555553,6093.026823888883
2025-12-26,q3,S3,joint_empirical,1,6025.174102499999,6026.766907499999,27989.056243056206,545.1156029610548,2797.416764547914,31331.588610565173,31415.742601121507,629.765965277777,6804.07987083333
2025-12-27,q3,S3,joint_empirical,1,6026.766907499999,6022.382415000001,28620.011281178857,-81.74995317002822,2633.50239345069,31171.763721459523,31219.424664213693,584.2830208333328,7247.857607172839
2025-12-28,q3,S3,joint_empirical,1,6022.382415000001,6008.109281249999,63910.25388623558,-508.9260458972882,2512.9593758715278,65914.28721620982,65977.2327045894,540.6025819444442,7057.663458180559
2025-12-29,q3,S3,joint_empirical,1,6008.109281249999,6004.829823749999,63659.81050897022,952.29265083768,2551.508784775943,67163.61194458386,67265.59120302109,537.7914619166661,8923.123348611109
2025-12-30,q3,S3,joint_empirical,1,6004.829823749999,6010.5531599999995,64753.62415516095,-930.9473739411156,4396.726002084688,68219.40278330455,68245.00667134233,998.0135928888867,7916.811994000001
2025-12-31,q3,S3,joint_empirical,1,6010.5531599999995,6000.0,65523.1516572127,-268.1444227844504,2097.953983417829,67352.96121784608,67352.96121784608,479.82392572016545,8022.664161930553
