date,position,source_timestamp,physical_interval,official_label,plan_00_grid_kwh,final_adjusted_grid_kwh,adjustment_kwh,charge_kwh,discharge_kwh,soc_start_kwh,soc_end_kwh,curtail_pv_kwh,planned_unused_nonpv_kwh,forecast_load_kwh,forecast_pv_kwh,actual_load_kwh,actual_pv_kwh,forecast_price,settlement_price,emergency_kwh,unused_surplus_kwh,plan_cost_yuan,adjustment_cost_yuan,emergency_cost_yuan,final_relative_cost_yuan,sequential_cost_yuan,decision_hour,history_cutoff_date,model_arm,scenario
2025-01-01,1,00:10,00:00-00:10,0:10-0:20,1406.6410999999998,1406.6410999999998,0.0,833.3333333333333,0.0,6000.0,6750.0,0.0,0.0,573.3077666666666,0.0,573.3077666666666,0.0,0.4248,0.4248,0.0,0.0,597.5411392799999,0.0,0.0,597.5411392799999,597.5411392799999,0,,deterministic_q1,Q1
2025-01-01,2,00:20,00:10-00:20,0:20-0:30,1406.3298666666667,1406.3298666666667,0.0,833.3333333333333,0.0,6750.0,7500.0,0.0,0.0,572.9965333333333,0.0,572.9965333333333,0.0,0.4245,0.4245,0.0,0.0,596.9870284,0.0,0.0,596.9870284,596.9870284,0,,deterministic_q1,Q1
2025-01-01,3,00:30,00:20-00:30,0:30-0:40,1407.3838500000002,1407.3838500000002,0.0,833.3333333333333,0.0,7500.0,8250.0,0.0,0.0,574.0505166666667,0.0,574.0505166666667,0.0,0.4269,0.4269,0.0,0.0,600.8121655650001,0.0,0.0,600.8121655650001,600.8121655650001,0,,deterministic_q1,Q1
2025-01-01,4,00:40,00:30-00:40,0:40-0:50,1409.07395,1409.07395,0.0,833.3333333333333,0.0,8250.0,9000.0,0.0,0.0,575.7406166666666,0.0,575.7406166666666,0.0,0.4272,0.4272,0.0,0.0,601.9563914400001,0.0,0.0,601.9563914400001,601.9563914400001,0,,deterministic_q1,Q1
2025-01-01,5,00:50,00:40-00:50,0:50-1:00,1409.8045499999998,1409.8045499999998,0.0,833.3333333333333,0.0,9000.0,9750.0,0.0,0.0,576.4712166666666,0.0,576.4712166666666,0.0,0.4271,0.4271,0.0,0.0,602.127523305,0.0,0.0,602.127523305,602.127523305,0,,deterministic_q1,Q1
2025-01-01,6,01:00,00:50-01:00,1:00-1:10,576.6400166666666,576.6400166666666,0.0,0.0,0.0,9750.0,9750.0,0.0,0.0,576.6400166666666,0.0,576.6400166666666,0.0,0.4285,0.4285,0.0,0.0,247.09024714166665,0.0,0.0,247.09024714166665,247.09024714166665,0,,deterministic_q1,Q1
2025-01-01,7,01:10,01:00-01:10,1:10-1:20,577.8597,577.8597,0.0,0.0,0.0,9750.0,9750.0,0.0,0.0,577.8597,0.0,577.8597,0.0,0.4311,0.4311,0.0,0.0,249.11531666999997,0.0,0.0,249.11531666999997,249.11531666999997,0,,deterministic_q1,Q1
2025-01-01,8,01:20,01:10-01:20,1:20-1:30,577.9938666666667,577.9938666666667,0.0,0.0,0.0,9750.0,9750.0,0.0,0.0,577.9938666666667,0.0,577.9938666666667,0.0,0.4302,0.4302,0.0,0.0,248.65296144,0.0,0.0,248.65296144,248.65296144,0,,deterministic_q1,Q1
2025-01-01,9,01:30,01:20-01:30,1:30-1:40,911.1613833333333,911.1613833333333,0.0,333.3333333333333,0.0,9750.0,10050.0,0.0,0.0,577.82805,0.0,577.82805,0.0,0.4279,0.4279,0.0,0.0,389.8859559283333,0.0,0.0,389.8859559283333,389.8859559283333,0,,deterministic_q1,Q1
2025-01-01,10,01:40,01:30-01:40,1:40-1:50,580.41545,580.41545,0.0,0.0,0.0,10050.0,10050.0,0.0,0.0,580.41545,0.0,580.41545,0.0,0.4312,0.4312,0.0,0.0,250.27514204,0.0,0.0,250.27514204,250.27514204,0,,deterministic_q1,Q1
2025-01-01,11,01:50,01:40-01:50,1:50-2:00,582.5140166666666,582.5140166666666,0.0,0.0,0.0,10050.0,10050.0,0.0,0.0,582.5140166666666,0.0,582.5140166666666,0.0,0.4333,0.4333,0.0,0.0,252.40332342166667,0.0,0.0,252.40332342166667,252.40332342166667,0,,deterministic_q1,Q1
2025-01-01,12,02:00,01:50-02:00,2:00-2:10,583.0740499999999,583.0740499999999,0.0,0.0,0.0,10050.0,10050.0,0.0,0.0,583.0740499999999,0.0,583.0740499999999,0.0,0.4311,0.4311,0.0,0.0,251.36322295499997,0.0,0.0,251.36322295499997,251.36322295499997,0,,deterministic_q1,Q1
2025-01-01,13,02:10,02:00-02:10,2:10-2:20,584.2049166666666,584.2049166666666,0.0,0.0,0.0,10050.0,10050.0,0.0,0.0,584.2049166666666,0.0,584.2049166666666,0.0,0.4293,0.4293,0.0,0.0,250.79917072499998,0.0,0.0,250.79917072499998,250.79917072499998,0,,deterministic_q1,Q1
2025-01-01,14,02:20,02:10-02:20,2:20-2:30,585.4397833333333,585.4397833333333,0.0,0.0,0.0,10050.0,10050.0,0.0,0.0,585.4397833333333,0.0,585.4397833333333,0.0,0.4324,0.4324,0.0,0.0,253.1441623133333,0.0,0.0,253.1441623133333,253.1441623133333,0,,deterministic_q1,Q1
2025-01-01,15,02:30,02:20-02:30,2:30-2:40,586.1447499999999,586.1447499999999,0.0,0.0,0.0,10050.0,10050.0,0.0,0.0,586.1447499999999,0.0,586.1447499999999,0.0,0.4367,0.4367,0.0,0.0,255.96941232499995,0.0,0.0,255.96941232499995,255.96941232499995,0,,deterministic_q1,Q1
2025-01-01,16,02:40,02:30-02:40,2:40-2:50,586.3207666666666,586.3207666666666,0.0,0.0,0.0,10050.0,10050.0,0.0,0.0,586.3207666666666,0.0,586.3207666666666,0.0,0.4348,0.4348,0.0,0.0,254.93226934666666,0.0,0.0,254.93226934666666,254.93226934666666,0,,deterministic_q1,Q1
2025-01-01,17,02:50,02:40-02:50,2:50-3:00,586.4253,586.4253,0.0,0.0,0.0,10050.0,10050.0,0.0,0.0,586.4253,0.0,586.4253,0.0,0.4335,0.4335,0.0,0.0,254.21536755,0.0,0.0,254.21536755,254.21536755,0,,deterministic_q1,Q1
2025-01-01,18,03:00,02:50-03:00,3:00-3:10,586.8496,586.8496,0.0,0.0,0.0,10050.0,10050.0,0.0,0.0,586.8496,0.0,586.8496,0.0,0.4357,0.4357,0.0,0.0,255.69037072,0.0,0.0,255.69037072,255.69037072,0,,deterministic_q1,Q1
2025-01-01,19,03:10,03:00-03:10,3:10-3:20,587.8210166666667,587.8210166666667,0.0,0.0,0.0,10050.0,10050.0,0.0,0.0,587.8210166666667,0.0,587.8210166666667,0.0,0.4374,0.4374,0.0,0.0,257.11291269,0.0,0.0,257.11291269,257.11291269,0,,deterministic_q1,Q1
2025-01-01,20,03:20,03:10-03:20,3:20-3:30,589.5475666666666,589.5475666666666,0.0,0.0,0.0,10050.0,10050.0,0.0,0.0,589.5475666666666,0.0,589.5475666666666,0.0,0.4371,0.4371,0.0,0.0,257.69124138999996,0.0,0.0,257.69124138999996,257.69124138999996,0,,deterministic_q1,Q1
2025-01-01,21,03:30,03:20-03:30,3:30-3:40,590.8134666666666,590.8134666666666,0.0,0.0,0.0,10050.0,10050.0,0.0,0.0,590.8134666666666,0.0,590.8134666666666,0.0,0.4356,0.4356,0.0,0.0,257.35834608,0.0,0.0,257.35834608,257.35834608,0,,deterministic_q1,Q1
2025-01-01,22,03:40,03:30-03:40,3:40-3:50,590.2131166666666,590.2131166666666,0.0,0.0,0.0,10050.0,10050.0,0.0,0.0,590.2131166666666,0.0,590.2131166666666,0.0,0.4353,0.4353,0.0,0.0,256.91976968499995,0.0,0.0,256.91976968499995,256.91976968499995,0,,deterministic_q1,Q1
2025-01-01,23,03:50,03:40-03:50,3:50-4:00,591.0662666666666,591.0662666666666,0.0,0.0,0.0,10050.0,10050.0,0.0,0.0,591.0662666666666,0.0,591.0662666666666,0.0,0.436,0.436,0.0,0.0,257.70489226666666,0.0,0.0,257.70489226666666,257.70489226666666,0,,deterministic_q1,Q1
2025-01-01,24,04:00,03:50-04:00,4:00-4:10,593.3678333333332,593.3678333333332,0.0,0.0,0.0,10050.0,10050.0,0.0,0.0,593.3678333333332,0.0,593.3678333333332,0.0,0.4378,0.4378,0.0,0.0,259.7764374333333,0.0,0.0,259.7764374333333,259.7764374333333,0,,deterministic_q1,Q1
2025-01-01,25,04:10,04:00-04:10,4:10-4:20,593.6596833333333,593.6596833333333,0.0,0.0,0.0,10050.0,10050.0,0.0,0.0,593.6596833333333,0.0,593.6596833333333,0.0,0.4401,0.4401,0.0,0.0,261.269626635,0.0,0.0,261.269626635,261.269626635,0,,deterministic_q1,Q1
2025-01-01,26,04:20,04:10-04:20,4:20-4:30,592.7863833333333,592.7863833333333,0.0,0.0,0.0,10050.0,10050.0,0.0,0.0,592.7863833333333,0.0,592.7863833333333,0.0,0.4389,0.4389,0.0,0.0,260.173943645,0.0,0.0,260.173943645,260.173943645,0,,deterministic_q1,Q1
2025-01-01,27,04:30,04:20-04:30,4:30-4:40,593.3378666666666,593.3378666666666,0.0,0.0,0.0,10050.0,10050.0,0.0,0.0,593.3378666666666,0.0,593.3378666666666,0.0,0.4364,0.4364,0.0,0.0,258.93264501333334,0.0,0.0,258.93264501333334,258.93264501333334,0,,deterministic_q1,Q1
2025-01-01,28,04:40,04:30-04:40,4:40-4:50,596.6757666666666,596.6757666666666,0.0,0.0,0.0,10050.0,10050.0,0.0,0.0,596.7756666666667,0.0999,596.7756666666667,0.0999,0.4393,0.4393,0.0,0.0,262.11966429666666,0.0,0.0,262.11966429666666,262.11966429666666,0,,deterministic_q1,Q1
2025-01-01,29,04:50,04:40-04:50,4:50-5:00,597.78025,597.78025,0.0,0.0,0.0,10050.0,10050.0,0.0,0.0,597.8193333333334,0.03908333333333333,597.8193333333334,0.03908333333333333,0.4422,0.4422,0.0,0.0,264.33842655,0.0,0.0,264.33842655,264.33842655,0,,deterministic_q1,Q1
2025-01-01,30,05:00,04:50-05:00,5:00-5:10,595.1624999999999,595.1624999999999,0.0,0.0,0.0,10050.0,10050.0,0.0,0.0,595.2105833333333,0.048083333333333325,595.2105833333333,0.048083333333333325,0.4395,0.4395,0.0,0.0,261.57391874999996,0.0,0.0,261.57391874999996,261.57391874999996,0,,deterministic_q1,Q1
2025-01-01,31,05:10,05:00-05:10,5:10-5:20,590.6065,590.6065,0.0,0.0,0.0,10050.0,10050.0,0.0,0.0,593.7195166666667,3.1130166666666668,593.7195166666667,3.1130166666666668,0.4333,0.4333,0.0,0.0,255.90979645000002,0.0,0.0,255.90979645000002,255.90979645000002,0,,deterministic_q1,Q1
2025-01-01,32,05:20,05:10-05:20,5:20-5:30,589.4851833333333,589.4851833333333,0.0,0.0,0.0,10050.0,10050.0,0.0,0.0,598.5634833333334,9.078299999999999,598.5634833333334,9.078299999999999,0.4439,0.4439,0.0,0.0,261.6724728816667,0.0,0.0,261.6724728816667,261.6724728816667,0,,deterministic_q1,Q1
2025-01-01,33,05:30,05:20-05:30,5:30-5:40,578.4554499999999,578.4554499999999,0.0,0.0,0.0,10050.0,10050.0,0.0,0.0,596.6174166666666,18.161966666666665,596.6174166666666,18.161966666666665,0.4301,0.4301,0.0,0.0,248.79368904499995,0.0,0.0,248.79368904499995,248.79368904499995,0,,deterministic_q1,Q1
2025-01-01,34,05:40,05:30-05:40,5:40-5:50,1383.6597833333333,1383.6597833333333,0.0,833.3333333333333,0.0,10050.0,10800.0,0.0,0.0,581.0198333333333,30.693383333333333,581.0198333333333,30.693383333333333,0.3713,0.3713,0.0,0.0,513.7528775516666,0.0,0.0,513.7528775516666,513.7528775516666,0,,deterministic_q1,Q1
2025-01-01,35,05:50,05:40-05:50,5:50-6:00,591.1401999999999,591.1401999999999,0.0,0.0,0.0,10800.0,10800.0,0.0,0.0,637.3165666666666,46.17636666666667,637.3165666666666,46.17636666666667,0.5708,0.5708,0.0,0.0,337.42282615999994,0.0,0.0,337.42282615999994,337.42282615999994,0,,deterministic_q1,Q1
2025-01-01,36,06:00,05:50-06:00,6:00-6:10,0.0,0.0,0.0,0.0,668.2538833333332,10800.0,10057.495685185186,0.0,0.0,733.0121166666665,64.75823333333332,733.0121166666665,64.75823333333332,0.9099,0.9099,0.0,0.0,0.0,0.0,0.0,0.0,0.0,0,,deterministic_q1,Q1
2025-01-01,37,06:10,06:00-06:10,6:10-6:20,0.0,0.0,0.0,0.0,655.4553333333333,10057.495685185186,9329.211981481481,0.0,0.0,742.3353833333333,86.88005,742.3353833333333,86.88005,0.9368,0.9368,0.0,0.0,0.0,0.0,0.0,0.0,0.0,0,,deterministic_q1,Q1
2025-01-01,38,06:20,06:10-06:20,6:20-6:30,0.0,0.0,0.0,0.0,616.5040333333334,9329.211981481481,8644.2075,0.0,0.0,728.6319833333333,112.12795,728.6319833333333,112.12795,0.8758,0.8758,0.0,0.0,0.0,0.0,0.0,0.0,0.0,0,,deterministic_q1,Q1
2025-01-01,39,06:30,06:20-06:30,6:30-6:40,0.0,0.0,0.0,0.0,591.4544833333334,8644.2075,7987.035851851852,0.0,0.0,732.1588333333334,140.70434999999998,732.1588333333334,140.70434999999998,0.8759,0.8759,0.0,0.0,0.0,0.0,0.0,0.0,0.0,0,,deterministic_q1,Q1
2025-01-01,40,06:40,06:30-06:40,6:40-6:50,0.0,0.0,0.0,0.0,557.4868666666666,7987.035851851852,7367.606000000001,0.0,0.0,730.7659333333332,173.27906666666667,730.7659333333332,173.27906666666667,0.8601,0.8601,0.0,0.0,0.0,0.0,0.0,0.0,0.0,0,,deterministic_q1,Q1
2025-01-01,41,06:50,06:40-06:50,6:50-7:00,0.0,0.0,0.0,0.0,529.2397,7367.606000000001,6779.561888888889,0.0,0.0,739.1292833333333,209.88958333333335,739.1292833333333,209.88958333333335,0.8442,0.8442,0.0,0.0,0.0,0.0,0.0,0.0,0.0,0,,deterministic_q1,Q1
2025-01-01,42,07:00,06:50-07:00,7:0-7:10,0.0,0.0,0.0,0.0,502.4707166666667,6779.561888888889,6221.261092592593,0.0,0.0,753.90935,251.43863333333334,753.90935,251.43863333333334,0.8334,0.8334,0.0,0.0,0.0,0.0,0.0,0.0,0.0,0,,deterministic_q1,Q1
2025-01-01,43,07:10,07:00-07:10,7:10-7:20,0.0,0.0,0.0,0.0,455.4435666666667,6221.261092592593,5715.212685185185,0.0,0.0,754.0120166666667,298.56845,754.0120166666667,298.56845,0.8092,0.8092,0.0,0.0,0.0,0.0,0.0,0.0,0.0,0,,deterministic_q1,Q1
2025-01-01,44,07:20,07:10-07:20,7:20-7:30,0.0,0.0,0.0,0.0,410.0667,5715.212685185185,5259.583018518519,0.0,0.0,757.6477833333333,347.5810833333333,757.6477833333333,347.5810833333333,0.7972,0.7972,0.0,0.0,0.0,0.0,0.0,0.0,0.0,0,,deterministic_q1,Q1
2025-01-01,45,07:30,07:20-07:30,7:30-7:40,0.0,0.0,0.0,0.0,356.99678333333327,5259.583018518519,4862.919925925926,0.0,0.0,753.8736333333333,396.87685,753.8736333333333,396.87685,0.7644,0.7644,0.0,0.0,0.0,0.0,0.0,0.0,0.0,0,,deterministic_q1,Q1
2025-01-01,46,07:40,07:30-07:40,7:40-7:50,0.0,0.0,0.0,0.0,283.36356666666666,4862.919925925926,4548.071518518518,0.0,0.0,730.5594333333333,447.1958666666667,730.5594333333333,447.1958666666667,0.6899,0.6899,0.0,0.0,0.0,0.0,0.0,0.0,0.0,0,,deterministic_q1,Q1
2025-01-01,47,07:50,07:40-07:50,7:50-8:00,0.0,0.0,0.0,0.0,320.68411666666657,4548.071518518518,4191.755833333333,0.0,0.0,818.4099833333332,497.72586666666666,818.4099833333332,497.72586666666666,0.86,0.86,0.0,0.0,0.0,0.0,0.0,0.0,0.0,0,,deterministic_q1,Q1
2025-01-01,48,08:00,07:50-08:00,8:00-8:10,0.0,0.0,0.0,0.0,418.42144999999994,4191.755833333333,3726.8431111111104,0.0,0.0,966.6221166666666,548.2006666666666,966.6221166666666,548.2006666666666,1.1617,1.1617,0.0,0.0,0.0,0.0,0.0,0.0,0.0,0,,deterministic_q1,Q1
2025-01-01,49,08:10,08:00-08:10,8:10-8:20,0.0,0.0,0.0,0.0,381.91078333333326,3726.8431111111104,3302.4977962962957,0.0,0.0,980.8043333333333,598.89355,980.8043333333333,598.89355,1.1683,1.1683,0.0,0.0,0.0,0.0,0.0,0.0,0.0,0,,deterministic_q1,Q1
2025-01-01,50,08:20,08:10-08:20,8:20-8:30,0.0,0.0,0.0,0.0,309.55634999999995,3302.4977962962957,2958.5462962962956,0.0,0.0,958.0118833333332,648.4555333333333,958.0118833333332,648.4555333333333,1.0956,1.0956,0.0,0.0,0.0,0.0,0.0,0.0,0.0,0,,deterministic_q1,Q1
2025-01-01,51,08:30,08:20-08:30,8:30-8:40,0.0,0.0,0.0,0.0,264.61940000000004,2958.5462962962956,2664.52474074074,0.0,0.0,961.5096833333333,696.8902833333333,961.5096833333333,696.8902833333333,1.0849,1.0849,0.0,0.0,0.0,0.0,0.0,0.0,0.0,0,,deterministic_q1,Q1
2025-01-01,52,08:40,08:30-08:40,8:40-8:50,0.0,0.0,0.0,0.0,213.74080000000004,2664.52474074074,2427.0349629629623,0.0,0.0,959.0350833333333,745.2942833333333,959.0350833333333,745.2942833333333,1.061,1.061,0.0,0.0,0.0,0.0,0.0,0.0,0.0,0,,deterministic_q1,Q1
2025-01-01,53,08:50,08:40-08:50,8:50-9:00,0.0,0.0,0.0,0.0,178.55891666666673,2427.0349629629623,2228.6361666666658,0.0,0.0,970.6967833333333,792.1378666666666,970.6967833333333,792.1378666666666,1.043,1.043,0.0,0.0,0.0,0.0,0.0,0.0,0.0,0,,deterministic_q1,Q1
2025-01-01,54,09:00,08:50-09:00,9:00-9:10,0.0,0.0,0.0,0.0,155.39211666666677,2228.6361666666658,2055.9782592592583,0.0,0.0,992.3766833333334,836.9845666666666,992.3766833333334,836.9845666666666,1.036,1.036,0.0,0.0,0.0,0.0,0.0,0.0,0.0,0,,deterministic_q1,Q1
2025-01-01,55,09:10,09:00-09:10,9:10-9:20,0.0,0.0,0.0,0.0,112.25950000000012,2055.9782592592583,1931.2454814814803,0.0,0.0,993.1616,880.9020999999999,993.1616,880.9020999999999,1.0147,1.0147,0.0,0.0,0.0,0.0,0.0,0.0,0.0,0,,deterministic_q1,Q1
2025-01-01,56,09:20,09:10-09:20,9:20-9:30,0.0,0.0,0.0,0.0,64.3968666666666,1931.2454814814803,1859.6934074074063,0.0,0.0,988.2592333333333,923.8623666666667,988.2592333333333,923.8623666666667,0.9922,0.9922,0.0,0.0,0.0,0.0,0.0,0.0,0.0,0,,deterministic_q1,Q1
2025-01-01,57,09:30,09:20-09:30,9:30-9:40,0.0,0.0,0.0,0.0,22.56224999999995,1859.6934074074063,1834.6242407407397,0.0,0.0,987.2971333333332,964.7348833333333,987.2971333333332,964.7348833333333,0.97,0.97,0.0,0.0,0.0,0.0,0.0,0.0,0.0,0,,deterministic_q1,Q1
2025-01-01,58,09:40,09:30-09:40,9:40-9:50,0.0,0.0,0.0,17.42406666666659,0.0,1834.6242407407397,1850.3059007407396,0.0,0.0,984.5976666666667,1002.0217333333333,984.5976666666667,1002.0217333333333,0.9422,0.9422,0.0,0.0,0.0,0.0,0.0,0.0,0.0,0,,deterministic_q1,Q1
2025-01-01,59,09:50,09:40-09:50,9:50-10:00,0.0,0.0,0.0,52.83776666666654,0.0,1850.3059007407396,1897.8598907407395,0.0,0.0,983.1877,1036.0254666666665,983.1877,1036.0254666666665,0.9569,0.9569,0.0,0.0,0.0,0.0,0.0,0.0,0.0,0,,deterministic_q1,Q1
2025-01-01,60,10:00,09:50-10:00,10:00-10:10,0.0,0.0,0.0,84.56241666666666,0.0,1897.8598907407395,1973.9660657407394,0.0,0.0,983.7032666666667,1068.2656833333333,983.7032666666667,1068.2656833333333,0.9977,0.9977,0.0,0.0,0.0,0.0,0.0,0.0,0.0,0,,deterministic_q1,Q1
2025-01-01,61,10:10,10:00-10:10,10:10-10:20,0.0,0.0,0.0,116.9835833333334,0.0,1973.9660657407394,2079.2512907407395,0.0,0.0,982.9132166666666,1099.8968,982.9132166666666,1099.8968,0.9919,0.9919,0.0,0.0,0.0,0.0,0.0,0.0,0.0,0,,deterministic_q1,Q1
2025-01-01,62,10:20,10:10-10:20,10:20-10:30,0.0,0.0,0.0,146.66060000000007,0.0,2079.2512907407395,2211.2458307407396,0.0,0.0,981.1261333333333,1127.7867333333334,981.1261333333333,1127.7867333333334,0.9588,0.9588,0.0,0.0,0.0,0.0,0.0,0.0,0.0,0,,deterministic_q1,Q1
2025-01-01,63,10:30,10:20-10:30,10:30-10:40,0.0,0.0,0.0,173.52024999999992,0.0,2211.2458307407396,2367.4140557407395,0.0,0.0,978.9118,1152.43205,978.9118,1152.43205,0.9549,0.9549,0.0,0.0,0.0,0.0,0.0,0.0,0.0,0,,deterministic_q1,Q1
2025-01-01,64,10:40,10:30-10:40,10:40-10:50,0.0,0.0,0.0,201.02908333333323,0.0,2367.4140557407395,2548.3402307407396,0.0,0.0,976.3384666666667,1177.36755,976.3384666666667,1177.36755,0.9839,0.9839,0.0,0.0,0.0,0.0,0.0,0.0,0.0,0,,deterministic_q1,Q1
2025-01-01,65,10:50,10:40-10:50,10:50-11:00,0.0,0.0,0.0,225.40611666666655,0.0,2548.3402307407396,2751.2057357407393,0.0,0.0,974.1658,1199.5719166666665,974.1658,1199.5719166666665,0.799,0.799,0.0,0.0,0.0,0.0,0.0,0.0,0.0,0,,deterministic_q1,Q1
2025-01-01,66,11:00,10:50-11:00,11:00-11:10,0.0,0.0,0.0,244.00925000000007,0.0,2751.2057357407393,2970.8140607407395,0.0,0.0,973.1764499999999,1217.1857,973.1764499999999,1217.1857,0.5025,0.5025,0.0,0.0,0.0,0.0,0.0,0.0,0.0,0,,deterministic_q1,Q1
2025-01-01,67,11:10,11:00-11:10,11:10-11:20,575.1709166666666,575.1709166666666,0.0,833.3333333333333,0.0,2970.8140607407395,3720.8140607407395,0.0,0.0,973.1183833333332,1231.2808,973.1183833333332,1231.2808,0.4662,0.4662,0.0,0.0,268.14468135,0.0,0.0,268.14468135,268.14468135,0,,deterministic_q1,Q1
2025-01-01,68,11:20,11:10-11:20,11:20-11:30,0.0,0.0,0.0,272.6315333333332,0.0,3720.8140607407395,3966.1824407407394,0.0,0.0,970.5729666666666,1243.2044999999998,970.5729666666666,1243.2044999999998,0.5007,0.5007,0.0,0.0,0.0,0.0,0.0,0.0,0.0,0,,deterministic_q1,Q1
2025-01-01,69,11:30,11:20-11:30,11:30-11:40,0.0,0.0,0.0,284.3209833333333,0.0,3966.1824407407394,4222.07132574074,0.0,0.0,969.1322,1253.4531833333333,969.1322,1253.4531833333333,0.4827,0.4827,0.0,0.0,0.0,0.0,0.0,0.0,0.0,0,,deterministic_q1,Q1
2025-01-01,70,11:40,11:30-11:40,11:40-11:50,179.2771713991827,179.2771713991827,0.0,468.5786380658495,0.0,4222.07132574074,4643.792100000004,0.0,0.0,972.06585,1261.3673166666667,972.06585,1261.3673166666667,0.4785,0.4785,0.0,0.0,85.78412651450891,0.0,0.0,85.78412651450891,85.78412651450891,0,,deterministic_q1,Q1
2025-01-01,71,11:50,11:40-11:50,11:50-12:00,520.1245166666666,520.1245166666666,0.0,833.3333333333333,0.0,4643.792100000004,5393.792100000004,0.0,0.0,952.1501666666666,1265.3589833333333,952.1501666666666,1265.3589833333333,0.4662,0.4662,0.0,0.0,242.48204966999998,0.0,0.0,242.48204966999998,242.48204966999998,0,,deterministic_q1,Q1
2025-01-01,72,12:00,11:50-12:00,12:00-12:10,486.40290000000005,486.40290000000005,0.0,833.3333333333333,0.0,5393.792100000004,6143.792100000004,0.0,0.0,919.9101166666666,1266.84055,919.9101166666666,1266.84055,0.4432,0.4432,0.0,0.0,215.57376528,0.0,0.0,215.57376528,215.57376528,0,,deterministic_q1,Q1
2025-01-01,73,12:10,12:00-12:10,12:10-12:20,480.41245000000004,480.41245000000004,0.0,833.3333333333333,0.0,6143.792100000004,6893.792100000004,0.0,0.0,915.7984499999999,1268.7193333333332,915.7984499999999,1268.7193333333332,0.4411,0.4411,0.0,0.0,211.909931695,0.0,0.0,211.909931695,211.909931695,0,,deterministic_q1,Q1
2025-01-01,74,12:20,12:10-12:20,12:20-12:30,485.30000000000007,485.30000000000007,0.0,833.3333333333333,0.0,6893.792100000004,7643.792100000004,0.0,0.0,919.0754,1267.1087333333332,919.0754,1267.1087333333332,0.4551,0.4551,0.0,0.0,220.86003000000002,0.0,0.0,220.86003000000002,220.86003000000002,0,,deterministic_q1,Q1
2025-01-01,75,12:30,12:20-12:30,12:30-12:40,488.6069666666667,488.6069666666667,0.0,833.3333333333333,0.0,7643.792100000004,8393.792100000004,0.0,0.0,914.3048333333332,1259.0312,914.3048333333332,1259.0312,0.4463,0.4463,0.0,0.0,218.06528922333334,0.0,0.0,218.06528922333334,218.06528922333334,0,,deterministic_q1,Q1
2025-01-01,76,12:40,12:30-12:40,12:40-12:50,498.2707333333333,498.2707333333333,0.0,833.3333333333333,0.0,8393.792100000004,9143.792100000004,0.0,0.0,910.3937999999999,1245.4564,910.3937999999999,1245.4564,0.4113,0.4113,0.0,0.0,204.93875261999997,0.0,0.0,204.93875261999997,204.93875261999997,0,,deterministic_q1,Q1
2025-01-01,77,12:50,12:40-12:50,12:50-13:00,0.0,0.0,0.0,304.5517666666665,0.0,9143.792100000004,9417.888690000003,0.0,0.0,927.6844333333333,1232.2361999999998,927.6844333333333,1232.2361999999998,0.5682,0.5682,0.0,0.0,0.0,0.0,0.0,0.0,0.0,0,,deterministic_q1,Q1
2025-01-01,78,13:00,12:50-13:00,13:00-13:10,0.0,0.0,0.0,264.5071833333334,0.0,9417.888690000003,9655.945155000003,0.0,0.0,954.2924666666665,1218.79965,954.2924666666665,1218.79965,0.8279,0.8279,0.0,0.0,0.0,0.0,0.0,0.0,0.0,0,,deterministic_q1,Q1
2025-01-01,79,13:10,13:00-13:10,13:10-13:20,0.0,0.0,0.0,242.50754999999992,0.0,9655.945155000003,9874.201950000002,0.0,0.0,956.5826166666667,1199.0901666666666,956.5826166666667,1199.0901666666666,0.8636,0.8636,0.0,0.0,0.0,0.0,0.0,0.0,0.0,0,,deterministic_q1,Q1
2025-01-01,80,13:20,13:10-13:20,13:20-13:30,0.0,0.0,0.0,223.07558333333316,0.0,9874.201950000002,10074.969975000002,0.0,0.0,952.4472666666667,1175.5228499999998,952.4472666666667,1175.5228499999998,0.8416,0.8416,0.0,0.0,0.0,0.0,0.0,0.0,0.0,0,,deterministic_q1,Q1
2025-01-01,81,13:30,13:20-13:30,13:30-13:40,0.0,0.0,0.0,198.75931666666656,0.0,10074.969975000002,10253.853360000001,0.0,0.0,952.9750833333333,1151.7343999999998,952.9750833333333,1151.7343999999998,0.8618,0.8618,0.0,0.0,0.0,0.0,0.0,0.0,0.0,0,,deterministic_q1,Q1
2025-01-01,82,13:40,13:30-13:40,13:40-13:50,0.0,0.0,0.0,177.3598166666668,0.0,10253.853360000001,10413.477195000001,0.0,0.0,951.3747666666666,1128.7345833333334,951.3747666666666,1128.7345833333334,0.8623,0.8623,0.0,0.0,0.0,0.0,0.0,0.0,0.0,0,,deterministic_q1,Q1
2025-01-01,83,13:50,13:40-13:50,13:50-14:00,0.0,0.0,0.0,151.74029999999982,0.0,10413.477195000001,10550.043465,0.0,0.0,949.4863666666666,1101.2266666666665,949.4863666666666,1101.2266666666665,0.9026,0.9026,0.0,0.0,0.0,0.0,0.0,0.0,0.0,0,,deterministic_q1,Q1
2025-01-01,84,14:00,13:50-14:00,14:00-14:10,0.0,0.0,0.0,120.0350333333331,0.0,10550.043465,10658.074995,0.0,0.0,948.7163833333334,1068.7514166666665,948.7163833333334,1068.7514166666665,0.9754,0.9754,0.0,0.0,0.0,0.0,0.0,0.0,0.0,0,,deterministic_q1,Q1
2025-01-01,85,14:10,14:00-14:10,14:10-14:20,0.0,0.0,0.0,87.81445000000008,0.0,10658.074995,10737.108,0.0,0.0,947.8548499999999,1035.6693,947.8548499999999,1035.6693,1.0002,1.0002,0.0,0.0,0.0,0.0,0.0,0.0,0.0,0,,deterministic_q1,Q1
2025-01-01,86,14:20,14:10-14:20,14:20-14:30,0.0,0.0,0.0,53.62486666666655,0.0,10737.108,10785.37038,0.0,0.0,946.4936666666667,1000.1185333333333,946.4936666666667,1000.1185333333333,0.9978,0.9978,0.0,0.0,0.0,0.0,0.0,0.0,0.0,0,,deterministic_q1,Q1
2025-01-01,87,14:30,14:20-14:30,14:30-14:40,0.0,0.0,0.0,16.255133333333447,0.0,10785.37038,10800.0,0.0,0.0,944.9084666666665,961.1636,944.9084666666665,961.1636,1.0271,1.0271,0.0,0.0,0.0,0.0,0.0,0.0,0.0,0,,deterministic_q1,Q1
2025-01-01,88,14:40,14:30-14:40,14:40-14:50,0.0,0.0,0.0,0.0,23.781366666666713,10800.0,10773.57625925926,0.0,0.0,944.0324666666667,920.2511,944.0324666666667,920.2511,1.0906,1.0906,0.0,0.0,0.0,0.0,0.0,0.0,0.0,0,,deterministic_q1,Q1
2025-01-01,89,14:50,14:40-14:50,14:50-15:00,0.0,0.0,0.0,0.0,67.32001666666679,10773.57625925926,10698.77624074074,0.0,0.0,945.4501833333334,878.1301666666666,945.4501833333334,878.1301666666666,0.9376,0.9376,0.0,0.0,0.0,0.0,0.0,0.0,0.0,0,,deterministic_q1,Q1
2025-01-01,90,15:00,14:50-15:00,15:00-15:10,112.0898666666667,112.0898666666667,0.0,0.0,0.0,10698.77624074074,10698.77624074074,0.0,0.0,947.0423999999999,834.9525333333332,947.0423999999999,834.9525333333332,0.6694,0.6694,0.0,0.0,75.03295674666668,0.0,0.0,75.03295674666668,75.03295674666668,0,,deterministic_q1,Q1
2025-01-01,91,15:10,15:00-15:10,15:10-15:20,266.73269362139905,266.73269362139905,0.0,112.47084362139907,0.0,10698.77624074074,10800.0,0.0,0.0,944.8365833333334,790.5747333333334,944.8365833333334,790.5747333333334,0.66,0.66,0.0,0.0,176.04357779012338,0.0,0.0,176.04357779012338,176.04357779012338,0,,deterministic_q1,Q1
2025-01-01,92,15:20,15:10-15:20,15:20-15:30,197.52351666666664,197.52351666666664,0.0,0.0,0.0,10800.0,10800.0,0.0,0.0,942.7275166666666,745.204,942.7275166666666,745.204,0.7217,0.7217,0.0,0.0,142.55272197833332,0.0,0.0,142.55272197833332,142.55272197833332,0,,deterministic_q1,Q1
2025-01-01,93,15:30,15:20-15:30,15:30-15:40,244.8140333333332,244.8140333333332,0.0,0.0,0.0,10800.0,10800.0,0.0,0.0,942.8477833333333,698.03375,942.8477833333333,698.03375,0.7308,0.7308,0.0,0.0,178.91009555999992,0.0,0.0,178.91009555999992,178.91009555999992,0,,deterministic_q1,Q1
2025-01-01,94,15:40,15:30-15:40,15:40-15:50,295.5346166666667,295.5346166666667,0.0,0.0,0.0,10800.0,10800.0,0.0,0.0,943.7668,648.2321833333333,943.7668,648.2321833333333,0.7534,0.7534,0.0,0.0,222.65578019666668,0.0,0.0,222.65578019666668,222.65578019666668,0,,deterministic_q1,Q1
2025-01-01,95,15:50,15:40-15:50,15:50-16:00,345.77750000000015,345.77750000000015,0.0,0.0,0.0,10800.0,10800.0,0.0,0.0,944.8766,599.0990999999999,944.8766,599.0990999999999,0.7823,0.7823,0.0,0.0,270.50173825000013,0.0,0.0,270.50173825000013,270.50173825000013,0,,deterministic_q1,Q1
2025-01-01,96,16:00,15:50-16:00,16:00-16:10,394.9314833333333,394.9314833333333,0.0,0.0,0.0,10800.0,10800.0,0.0,0.0,945.57945,550.6479666666667,945.57945,550.6479666666667,0.8055,0.8055,0.0,0.0,318.11730982499995,0.0,0.0,318.11730982499995,318.11730982499995,0,,deterministic_q1,Q1
2025-01-01,97,16:10,16:00-16:10,16:10-16:20,445.4316500000001,445.4316500000001,0.0,0.0,0.0,10800.0,10800.0,0.0,0.0,945.1691000000001,499.73744999999997,945.1691000000001,499.73744999999997,0.8271,0.8271,0.0,0.0,368.41651771500005,0.0,0.0,368.41651771500005,368.41651771500005,0,,deterministic_q1,Q1
2025-01-01,98,16:20,16:10-16:20,16:20-16:30,495.69658333333325,495.69658333333325,0.0,0.0,0.0,10800.0,10800.0,0.0,0.0,943.5987666666666,447.90218333333337,943.5987666666666,447.90218333333337,0.8519,0.8519,0.0,0.0,422.2839193416666,0.0,0.0,422.2839193416666,422.2839193416666,0,,deterministic_q1,Q1
2025-01-01,99,16:30,16:20-16:30,16:30-16:40,547.11905,547.11905,0.0,0.0,0.0,10800.0,10800.0,0.0,0.0,944.3153666666667,397.1963166666667,944.3153666666667,397.1963166666667,0.8791,0.8791,0.0,0.0,480.972356855,0.0,0.0,480.972356855,480.972356855,0,,deterministic_q1,Q1
2025-01-01,100,16:40,16:30-16:40,16:40-16:50,599.9854333333333,599.9854333333333,0.0,0.0,0.0,10800.0,10800.0,0.0,0.0,948.1728666666666,348.18743333333333,948.1728666666666,348.18743333333333,0.9024,0.9024,0.0,0.0,541.42685504,0.0,0.0,541.42685504,541.42685504,0,,deterministic_q1,Q1
2025-01-01,101,16:50,16:40-16:50,16:50-17:00,635.4297499999999,635.4297499999999,0.0,0.0,0.0,10800.0,10800.0,0.0,0.0,933.9435666666666,298.5138166666667,933.9435666666666,298.5138166666667,0.9163,0.9163,0.0,0.0,582.2442799249999,0.0,0.0,582.2442799249999,582.2442799249999,0,,deterministic_q1,Q1
2025-01-01,102,17:00,16:50-17:00,17:00-17:10,660.8306833333334,660.8306833333334,0.0,0.0,0.0,10800.0,10800.0,0.0,0.0,911.1187333333334,250.28805,911.1187333333334,250.28805,0.9264,0.9264,0.0,0.0,612.19354504,0.0,0.0,612.19354504,612.19354504,0,,deterministic_q1,Q1
2025-01-01,103,17:10,17:00-17:10,17:10-17:20,702.0369333333333,702.0369333333333,0.0,0.0,0.0,10800.0,10800.0,0.0,0.0,911.2323166666666,209.19538333333333,911.2323166666666,209.19538333333333,0.9462,0.9462,0.0,0.0,664.26734632,0.0,0.0,664.26734632,664.26734632,0,,deterministic_q1,Q1
2025-01-01,104,17:20,17:10-17:20,17:20-17:30,738.0657833333333,738.0657833333333,0.0,0.0,0.0,10800.0,10800.0,0.0,0.0,910.7878333333333,172.72205,910.7878333333333,172.72205,0.9742,0.9742,0.0,0.0,719.0236861233333,0.0,0.0,719.0236861233333,719.0236861233333,0,,deterministic_q1,Q1
2025-01-01,105,17:30,17:20-17:30,17:30-17:40,775.9447166666666,775.9447166666666,0.0,0.0,0.0,10800.0,10800.0,0.0,0.0,915.4076333333334,139.46291666666667,915.4076333333334,139.46291666666667,0.9862,0.9862,0.0,0.0,765.2366795766666,0.0,0.0,765.2366795766666,765.2366795766666,0,,deterministic_q1,Q1
2025-01-01,106,17:40,17:30-17:40,17:40-17:50,826.08325,826.08325,0.0,0.0,0.0,10800.0,10800.0,0.0,0.0,936.9551333333334,110.87188333333333,936.9551333333334,110.87188333333333,0.976,0.976,0.0,0.0,806.257252,0.0,0.0,806.257252,806.257252,0,,deterministic_q1,Q1
2025-01-01,107,17:50,17:40-17:50,17:50-18:00,762.4227999999999,762.4227999999999,0.0,0.0,0.0,10800.0,10800.0,0.0,0.0,848.5354333333332,86.11263333333332,848.5354333333332,86.11263333333332,1.0742,1.0742,0.0,0.0,818.99457176,0.0,0.0,818.99457176,818.99457176,0,,deterministic_q1,Q1
2025-01-01,108,18:00,17:50-18:00,18:00-18:10,636.9826166666667,636.9826166666667,0.0,0.0,0.0,10800.0,10800.0,0.0,0.0,701.4281333333333,64.44551666666666,701.4281333333333,64.44551666666666,1.2313,1.2313,0.0,0.0,784.3166959016667,0.0,0.0,784.3166959016667,784.3166959016667,0,,deterministic_q1,Q1
2025-01-01,109,18:10,18:00-18:10,18:10-18:20,531.8940499999999,531.8940499999999,0.0,0.0,109.26725000000005,10800.0,10678.591944444444,0.0,0.0,687.1268499999999,45.96554999999999,687.1268499999999,45.96554999999999,1.2561,1.2561,0.0,0.0,668.1121162049999,0.0,0.0,668.1121162049999,668.1121162049999,0,,deterministic_q1,Q1
2025-01-01,110,18:20,18:10-18:20,18:20-18:30,678.8305333333333,678.8305333333333,0.0,0.0,0.0,10678.591944444444,10678.591944444444,0.0,0.0,709.3226333333333,30.492099999999997,709.3226333333333,30.492099999999997,1.2447,1.2447,0.0,0.0,844.9403648399999,0.0,0.0,844.9403648399999,844.9403648399999,0,,deterministic_q1,Q1
2025-01-01,111,18:30,18:20-18:30,18:30-18:40,686.2684999999999,686.2684999999999,0.0,0.0,0.0,10678.591944444444,10678.591944444444,0.0,0.0,704.3254,18.0569,704.3254,18.0569,1.2545,1.2545,0.0,0.0,860.9238332499998,0.0,0.0,860.9238332499998,860.9238332499998,0,,deterministic_q1,Q1
2025-01-01,112,18:40,18:30-18:40,18:40-18:50,696.5043833333333,696.5043833333333,0.0,0.0,0.0,10678.591944444444,10678.591944444444,0.0,0.0,705.5563999999999,9.052016666666667,705.5563999999999,9.052016666666667,1.2522,1.2522,0.0,0.0,872.1627888099999,0.0,0.0,872.1627888099999,872.1627888099999,0,,deterministic_q1,Q1
2025-01-01,113,18:50,18:40-18:50,18:50-19:00,0.0,0.0,0.0,0.0,704.6342666666666,10678.591944444444,9895.664981481481,0.0,0.0,707.7437499999999,3.1094833333333334,707.7437499999999,3.1094833333333334,1.2881,1.2881,0.0,0.0,0.0,0.0,0.0,0.0,0.0,0,,deterministic_q1,Q1
2025-01-01,114,19:00,18:50-19:00,19:00-19:10,0.0,0.0,0.0,0.0,706.4840333333333,9895.664981481481,9110.682722222222,0.0,0.0,706.5299166666666,0.04588333333333333,706.5299166666666,0.04588333333333333,1.3466,1.3466,0.0,0.0,0.0,0.0,0.0,0.0,0.0,0,,deterministic_q1,Q1
2025-01-01,115,19:10,19:00-19:10,19:10-19:20,0.0,0.0,0.0,0.0,707.4064666666666,9110.682722222222,8324.675537037037,0.0,0.0,707.4447333333333,0.038266666666666664,707.4447333333333,0.038266666666666664,1.3523,1.3523,0.0,0.0,0.0,0.0,0.0,0.0,0.0,0,,deterministic_q1,Q1
2025-01-01,116,19:20,19:10-19:20,19:20-19:30,0.0,0.0,0.0,0.0,708.553,8324.675537037037,7537.394425925927,0.0,0.0,708.6531166666666,0.10011666666666666,708.6531166666666,0.10011666666666666,1.3445,1.3445,0.0,0.0,0.0,0.0,0.0,0.0,0.0,0,,deterministic_q1,Q1
2025-01-01,117,19:30,19:20-19:30,19:30-19:40,0.0,0.0,0.0,0.0,709.4468833333333,7537.394425925927,6749.120111111112,0.0,0.0,709.4468833333333,0.0,709.4468833333333,0.0,1.3483,1.3483,0.0,0.0,0.0,0.0,0.0,0.0,0.0,0,,deterministic_q1,Q1
2025-01-01,118,19:40,19:30-19:40,19:40-19:50,0.0,0.0,0.0,0.0,711.23245,6749.120111111112,5958.861833333334,0.0,0.0,711.23245,0.0,711.23245,0.0,1.349,1.349,0.0,0.0,0.0,0.0,0.0,0.0,0.0,0,,deterministic_q1,Q1
2025-01-01,119,19:50,19:40-19:50,19:50-20:00,0.0,0.0,0.0,0.0,711.6625,5958.861833333334,5168.125722222223,0.0,0.0,711.6625,0.0,711.6625,0.0,1.3473,1.3473,0.0,0.0,0.0,0.0,0.0,0.0,0.0,0,,deterministic_q1,Q1
2025-01-01,120,20:00,19:50-20:00,20:00-20:10,0.0,0.0,0.0,0.0,711.4450333333332,5168.125722222223,4377.631240740741,0.0,0.0,711.4450333333332,0.0,711.4450333333332,0.0,1.3482,1.3482,0.0,0.0,0.0,0.0,0.0,0.0,0.0,0,,deterministic_q1,Q1
2025-01-01,121,20:10,20:00-20:10,20:10-20:20,0.0,0.0,0.0,0.0,713.7040833333333,4377.631240740741,3584.626703703704,0.0,0.0,713.7040833333333,0.0,713.7040833333333,0.0,1.3513,1.3513,0.0,0.0,0.0,0.0,0.0,0.0,0.0,0,,deterministic_q1,Q1
2025-01-01,122,20:20,20:10-20:20,20:20-20:30,0.0,0.0,0.0,0.0,715.28415,3584.626703703704,2789.8665370370372,0.0,0.0,715.28415,0.0,715.28415,0.0,1.34,1.34,0.0,0.0,0.0,0.0,0.0,0.0,0.0,0,,deterministic_q1,Q1
2025-01-01,123,20:30,20:20-20:30,20:30-20:40,0.0,0.0,0.0,0.0,715.22685,2789.8665370370372,1995.170037037037,0.0,0.0,715.22685,0.0,715.22685,0.0,1.3489,1.3489,0.0,0.0,0.0,0.0,0.0,0.0,0.0,0,,deterministic_q1,Q1
2025-01-01,124,20:40,20:30-20:40,20:40-20:50,0.0,0.0,0.0,0.0,715.6530333333333,1995.170037037037,1200.0,0.0,0.0,715.6530333333333,0.0,715.6530333333333,0.0,1.3952,1.3952,0.0,0.0,0.0,0.0,0.0,0.0,0.0,0,,deterministic_q1,Q1
2025-01-01,125,20:50,20:40-20:50,20:50-21:00,715.8689166666666,715.8689166666666,0.0,0.0,0.0,1200.0,1200.0,0.0,0.0,715.8689166666666,0.0,715.8689166666666,0.0,1.2226,1.2226,0.0,0.0,875.2213375166665,0.0,0.0,875.2213375166665,875.2213375166665,0,,deterministic_q1,Q1
2025-01-01,126,21:00,20:50-21:00,21:00-21:10,717.0051166666667,717.0051166666667,0.0,0.0,0.0,1200.0,1200.0,0.0,0.0,717.0051166666667,0.0,717.0051166666667,0.0,0.9332,0.9332,0.0,0.0,669.1091748733334,0.0,0.0,669.1091748733334,669.1091748733334,0,,deterministic_q1,Q1
2025-01-01,127,21:10,21:00-21:10,21:10-21:20,720.1603,720.1603,0.0,0.0,0.0,1200.0,1200.0,0.0,0.0,720.1603,0.0,720.1603,0.0,0.9068,0.9068,0.0,0.0,653.0413600400001,0.0,0.0,653.0413600400001,653.0413600400001,0,,deterministic_q1,Q1
2025-01-01,128,21:20,21:10-21:20,21:20-21:30,717.0548666666666,717.0548666666666,0.0,0.0,0.0,1200.0,1200.0,0.0,0.0,717.0548666666666,0.0,717.0548666666666,0.0,0.9371,0.9371,0.0,0.0,671.9521155533333,0.0,0.0,671.9521155533333,671.9521155533333,0,,deterministic_q1,Q1
2025-01-01,129,21:30,21:20-21:30,21:30-21:40,720.4459666666667,720.4459666666667,0.0,0.0,0.0,1200.0,1200.0,0.0,0.0,720.4459666666667,0.0,720.4459666666667,0.0,0.9371,0.9371,0.0,0.0,675.1299153633333,0.0,0.0,675.1299153633333,675.1299153633333,0,,deterministic_q1,Q1
2025-01-01,130,21:40,21:30-21:40,21:40-21:50,738.1347166666666,738.1347166666666,0.0,0.0,0.0,1200.0,1200.0,0.0,0.0,738.1347166666666,0.0,738.1347166666666,0.0,0.9871,0.9871,0.0,0.0,728.6127788216666,0.0,0.0,728.6127788216666,728.6127788216666,0,,deterministic_q1,Q1
2025-01-01,131,21:50,21:40-21:50,21:50-22:00,671.6935666666666,671.6935666666666,0.0,0.0,0.0,1200.0,1200.0,0.0,0.0,671.6935666666666,0.0,671.6935666666666,0.0,0.7764,0.7764,0.0,0.0,521.5028851599999,0.0,0.0,521.5028851599999,521.5028851599999,0,,deterministic_q1,Q1
2025-01-01,132,22:00,21:50-22:00,22:00-22:10,1393.7903166666665,1393.7903166666665,0.0,833.3333333333333,0.0,1200.0,1950.0,0.0,0.0,560.4569833333333,0.0,560.4569833333333,0.0,0.4209,0.4209,0.0,0.0,586.6463442849999,0.0,0.0,586.6463442849999,586.6463442849999,0,,deterministic_q1,Q1
2025-01-01,133,22:10,22:00-22:10,22:10-22:20,1384.8989000000001,1384.8989000000001,0.0,833.3333333333333,0.0,1950.0,2700.0,0.0,0.0,551.5655666666667,0.0,551.5655666666667,0.0,0.3859,0.3859,0.0,0.0,534.4324855100001,0.0,0.0,534.4324855100001,534.4324855100001,0,,deterministic_q1,Q1
2025-01-01,134,22:20,22:10-22:20,22:20-22:30,568.8260499999999,568.8260499999999,0.0,0.0,0.0,2700.0,2700.0,0.0,0.0,568.8260499999999,0.0,568.8260499999999,0.0,0.4368,0.4368,0.0,0.0,248.46321863999998,0.0,0.0,248.46321863999998,248.46321863999998,0,,deterministic_q1,Q1
2025-01-01,135,22:30,22:20-22:30,22:30-22:40,1396.98855,1396.98855,0.0,833.3333333333333,0.0,2700.0,3450.0,0.0,0.0,563.6552166666667,0.0,563.6552166666667,0.0,0.4198,0.4198,0.0,0.0,586.45579329,0.0,0.0,586.45579329,586.45579329,0,,deterministic_q1,Q1
2025-01-01,136,22:40,22:30-22:40,22:40-22:50,1397.7598666666668,1397.7598666666668,0.0,833.3333333333333,0.0,3450.0,4200.0,0.0,0.0,564.4265333333333,0.0,564.4265333333333,0.0,0.4186,0.4186,0.0,0.0,585.1022801866668,0.0,0.0,585.1022801866668,585.1022801866668,0,,deterministic_q1,Q1
2025-01-01,137,22:50,22:40-22:50,22:50-23:00,566.7474333333332,566.7474333333332,0.0,0.0,0.0,4200.0,4200.0,0.0,0.0,566.7474333333332,0.0,566.7474333333332,0.0,0.4241,0.4241,0.0,0.0,240.3575864766666,0.0,0.0,240.3575864766666,240.3575864766666,0,,deterministic_q1,Q1
2025-01-01,138,23:00,22:50-23:00,23:00-23:10,1399.8737666666666,1399.8737666666666,0.0,833.3333333333333,0.0,4200.0,4950.0,0.0,0.0,566.5404333333333,0.0,566.5404333333333,0.0,0.4237,0.4237,0.0,0.0,593.1265149366667,0.0,0.0,593.1265149366667,593.1265149366667,0,,deterministic_q1,Q1
2025-01-01,139,23:10,23:00-23:10,23:10-23:20,567.83015,567.83015,0.0,0.0,0.0,4950.0,4950.0,0.0,0.0,567.83015,0.0,567.83015,0.0,0.4248,0.4248,0.0,0.0,241.21424772,0.0,0.0,241.21424772,241.21424772,0,,deterministic_q1,Q1
2025-01-01,140,23:20,23:10-23:20,23:20-23:30,902.6919666666665,902.6919666666665,0.0,333.3333333333333,0.0,4950.0,5250.0,0.0,0.0,569.3586333333333,0.0,569.3586333333333,0.0,0.424,0.424,0.0,0.0,382.7413938666666,0.0,0.0,382.7413938666666,382.7413938666666,0,,deterministic_q1,Q1
2025-01-01,141,23:30,23:20-23:30,23:30-23:40,1403.6635166666665,1403.6635166666665,0.0,833.3333333333333,0.0,5250.0,6000.0,0.0,0.0,570.3301833333333,0.0,570.3301833333333,0.0,0.422,0.422,0.0,0.0,592.3460040333332,0.0,0.0,592.3460040333332,592.3460040333332,0,,deterministic_q1,Q1
2025-01-01,142,23:40,23:30-23:40,23:40-23:50,571.6153833333333,571.6153833333333,0.0,0.0,0.0,6000.0,6000.0,0.0,0.0,571.6153833333333,0.0,571.6153833333333,0.0,0.424,0.424,0.0,0.0,242.3649225333333,0.0,0.0,242.3649225333333,242.3649225333333,0,,deterministic_q1,Q1
2025-01-01,143,23:50,23:40-23:50,23:50-0:00+1,573.1768333333333,573.1768333333333,0.0,0.0,0.0,6000.0,6000.0,0.0,0.0,573.1768333333333,0.0,573.1768333333333,0.0,0.4271,0.4271,0.0,0.0,244.80382551666665,0.0,0.0,244.80382551666665,244.80382551666665,0,,deterministic_q1,Q1
2025-01-01,144,0:00+1,23:50-24:00,0:00-0:10+1,574.1209833333332,574.1209833333332,0.0,0.0,0.0,6000.0,6000.0,0.0,0.0,574.1209833333332,0.0,574.1209833333332,0.0,0.4276,0.4276,0.0,0.0,245.49413247333328,0.0,0.0,245.49413247333328,245.49413247333328,0,,deterministic_q1,Q1
