phase,mode,variant,date,variant_minus_reference_yuan,emergency_cost_difference,plan_cost_difference,adjustment_difference
formal,q2,count10_span10,2025-06-03,-12353.308927167789,-16435.28301181045,4081.974084642672,0.0
formal,q2,count10_span10,2025-06-05,-7222.458607380897,-11129.606826477084,3907.1482190961906,0.0
formal,q2,count10_span10,2025-10-15,6714.47861337482,8274.867913727103,-1560.3893003522826,0.0
formal,q2,count10_span10,2025-06-04,-6518.078362404784,-10747.197112364585,4229.1187499597945,0.0
formal,q2,count10_span10,2025-07-04,-5543.309069024806,-5961.740757924992,418.43168890018933,0.0
formal,q2,count10_span20,2025-06-06,3644.616521472497,2899.2994534520767,745.3170680204239,0.0
formal,q2,count10_span20,2025-11-06,3292.2830648956005,3995.7553632416666,-703.4722983460597,0.0
formal,q2,count10_span20,2025-06-02,-3249.6322131956404,-4816.421612554179,1566.7893993585458,0.0
formal,q2,count10_span20,2025-07-04,-3187.2933029972046,-4578.985082991662,1391.6917799944604,0.0
formal,q2,count10_span20,2025-07-28,3162.566477884684,3337.202512679166,-174.6360347944792,0.0
formal,q2,count40_span40,2025-06-11,9332.968056111771,13029.90822441153,-3696.940168299763,0.0
formal,q2,count40_span40,2025-06-05,6928.151190648547,8886.382780966669,-1958.231590318108,0.0
formal,q2,count40_span40,2025-07-14,5648.02904987432,895.4365550729216,4752.592494801393,0.0
formal,q2,count40_span40,2025-07-09,5536.33029485913,372.639605445833,5163.690689413292,0.0
formal,q2,count40_span40,2025-07-10,5387.619676822353,55.826546237505454,5331.793130584847,0.0
formal,q2,raw_history,2025-02-08,35841.051850953605,-375.2900849145825,36216.341935868186,0.0
formal,q2,raw_history,2025-02-01,35349.287209302056,-53.77448783125107,35403.06169713331,0.0
formal,q2,raw_history,2025-02-15,35146.04276776205,-1007.8319942131908,36153.87476197524,0.0
formal,q2,raw_history,2025-02-07,35083.915333053796,-222.8856207062528,35306.800953760045,0.0
formal,q2,raw_history,2025-02-14,34649.64513767919,-794.5583765069459,35444.203514186134,0.0
formal,q2,reference,2025-02-01,0.0,0.0,0.0,0.0
formal,q2,reference,2025-09-15,0.0,0.0,0.0,0.0
formal,q2,reference,2025-09-14,0.0,0.0,0.0,0.0
formal,q2,reference,2025-09-13,0.0,0.0,0.0,0.0
formal,q2,reference,2025-09-12,0.0,0.0,0.0,0.0
formal,q2,shuffle_20260913,2025-06-06,4145.428124482918,4621.388262306245,-475.960137823331,0.0
formal,q2,shuffle_20260913,2025-06-11,3331.1240067329054,4723.235924114575,-1392.1119173816696,0.0
formal,q2,shuffle_20260913,2025-06-10,1848.407712981425,3221.3798337625067,-1372.9721207810799,0.0
formal,q2,shuffle_20260913,2025-07-14,1846.0114999171274,24.30662380625165,1821.7048761108745,0.0
formal,q2,shuffle_20260913,2025-06-04,1717.2542861430484,1928.0863551916736,-210.8320690486289,0.0
formal,q2,shuffle_20260914,2025-06-06,5031.507554991251,5531.26144756666,-499.75389257541246,0.0
formal,q2,shuffle_20260914,2025-06-11,2858.1747903904034,3907.9719513187374,-1049.797160928334,0.0
formal,q2,shuffle_20260914,2025-06-05,2535.959156226425,3211.4473712687504,-675.4882150423218,0.0
formal,q2,shuffle_20260914,2025-07-14,2212.0301976022893,5.001518977083492,2207.0286786252036,0.0
formal,q2,shuffle_20260914,2025-07-09,1943.8548773745279,88.57029179791766,1855.2845855766063,0.0
formal,q2,shuffle_20260915,2025-06-06,4121.142692625006,4585.628450593751,-464.48575796874866,0.0
formal,q2,shuffle_20260915,2025-06-05,2970.399143350216,3790.108224047901,-819.7090806976776,0.0
formal,q2,shuffle_20260915,2025-06-11,2548.215021011245,3618.8656071312435,-1070.6505861199985,0.0
formal,q2,shuffle_20260915,2025-06-09,2394.9878965289463,3599.1124511166645,-1204.1245545877173,0.0
formal,q2,shuffle_20260915,2025-06-10,2005.7623796097541,3295.668916806251,-1289.9065371964898,0.0
formal,q2,shuffle_20260916,2025-06-05,3639.481643729705,4577.430192670832,-937.9485489411163,0.0
formal,q2,shuffle_20260916,2025-06-11,2894.2744407029095,4076.138007804151,-1181.8635671012526,0.0
formal,q2,shuffle_20260916,2025-06-06,2509.5539724133414,2749.4722196500006,-239.9182472366665,0.0
formal,q2,shuffle_20260916,2025-09-27,-1997.098163294173,-2046.9988948979235,49.90073160374959,0.0
formal,q2,shuffle_20260916,2025-07-14,1862.752969339228,-115.74222554791697,1978.4951948871458,0.0
formal,q2,shuffle_20260917,2025-06-06,4708.03547646667,5253.596792643741,-545.5613161770816,0.0
formal,q2,shuffle_20260917,2025-06-11,4094.7489525275014,5566.135045481235,-1471.3860929537404,0.0
formal,q2,shuffle_20260917,2025-06-05,3516.1231213380743,4345.4353458583355,-829.312224520254,0.0
formal,q2,shuffle_20260917,2025-09-27,-2326.637843107921,-2289.271262543749,-37.366580564168544,0.0
formal,q2,shuffle_20260917,2025-06-10,1789.2962325330882,3108.1716431375016,-1318.8754106044144,0.0
formal,q2,terminal_0,2025-12-31,2292.350000000006,0.0,2292.350000000006,0.0
formal,q2,terminal_0,2025-02-01,-2217.083333333332,0.0,-2217.083333333332,0.0
formal,q2,terminal_0,2025-05-24,-238.43540398838013,12.925709187498796,-251.36111317588075,0.0
formal,q2,terminal_0,2025-05-17,-238.27002954486306,0.0,-238.27002954486306,0.0
formal,q2,terminal_0,2025-05-23,-234.22989574212988,0.0,-234.22989574212625,0.0
formal,q2,terminal_05,2025-12-31,2292.350000000006,0.0,2292.350000000006,0.0
formal,q2,terminal_05,2025-02-01,-2217.083333333332,0.0,-2217.083333333332,0.0
formal,q2,terminal_05,2025-05-24,-238.43540398838013,12.925709187498796,-251.36111317588075,0.0
formal,q2,terminal_05,2025-05-17,-238.27002954486306,0.0,-238.27002954486306,0.0
formal,q2,terminal_05,2025-05-23,-234.22989574212988,0.0,-234.22989574212625,0.0
formal,q2,terminal_15,2025-02-01,0.0,0.0,0.0,0.0
formal,q2,terminal_15,2025-09-15,0.0,0.0,0.0,0.0
formal,q2,terminal_15,2025-09-14,0.0,0.0,0.0,0.0
formal,q2,terminal_15,2025-09-13,0.0,0.0,0.0,0.0
formal,q2,terminal_15,2025-09-12,0.0,0.0,0.0,0.0
formal,q3,horizon_12,2025-07-06,1454.0879297436331,472.6171176437492,0.0,981.4708120998748
formal,q3,horizon_12,2025-08-26,-1437.886022687264,-1176.159268215536,0.0,-261.7267544717321
formal,q3,horizon_12,2025-08-31,1247.0414103669027,1086.241164603769,0.0,160.8002457631327
formal,q3,horizon_12,2025-05-23,1070.006757442774,121.77439375277663,0.0,948.2323636899999
formal,q3,horizon_12,2025-08-05,-1062.039995483814,-588.6803070666701,0.0,-473.3596884171391
formal,q3,horizon_18,2025-10-04,-433.8138818814332,-429.8533417965282,0.0,-3.960540084907464
formal,q3,horizon_18,2025-06-02,-303.3265465009026,-333.6778999784692,0.0,30.351353477568864
formal,q3,horizon_18,2025-06-06,-282.73820974956107,-294.24943883847664,0.0,11.511229088917418
formal,q3,horizon_18,2025-06-01,-262.31993448339927,-287.774554631942,0.0,25.454620148540926
formal,q3,horizon_18,2025-10-09,237.53484460971958,254.0344428374956,0.0,-16.499598227777824
formal,q3,horizon_24,2025-02-01,0.0,0.0,0.0,0.0
formal,q3,horizon_24,2025-09-15,0.0,0.0,0.0,0.0
formal,q3,horizon_24,2025-09-14,0.0,0.0,0.0,0.0
formal,q3,horizon_24,2025-09-13,0.0,0.0,0.0,0.0
formal,q3,horizon_24,2025-09-12,0.0,0.0,0.0,0.0
formal,q4_2,count10_span10,2025-06-03,-12646.663128170258,-16955.516142539247,4308.853014368993,0.0
formal,q4_2,count10_span10,2025-06-05,-7775.838228368593,-12189.507758139587,4413.669529770988,0.0
formal,q4_2,count10_span10,2025-10-15,7033.544633812315,8721.236595212515,-1687.6919614002036,0.0
formal,q4_2,count10_span10,2025-06-04,-6808.82941018774,-11207.154752616672,4398.325342428929,0.0
formal,q4_2,count10_span10,2025-07-04,-5923.234401158032,-6192.3531382041565,269.1187370461266,0.0
formal,q4_2,count10_span20,2025-12-02,-4321.230560776647,-5460.584157243746,1139.3535964670882,0.0
formal,q4_2,count10_span20,2025-06-02,-3939.649666460202,-5805.892430083353,1866.242763623166,0.0
formal,q4_2,count10_span20,2025-06-06,3501.287417669999,2764.4002726729123,736.8871449970866,0.0
formal,q4_2,count10_span20,2025-11-06,3422.613852228067,4108.371947914584,-685.7580956865058,0.0
formal,q4_2,count10_span20,2025-07-04,-3420.1729817896994,-4747.871206302077,1327.6982245123763,0.0
formal,q4_2,count40_span40,2025-06-11,9166.955178994162,13089.744903081239,-3922.7897240870807,0.0
formal,q4_2,count40_span40,2025-06-05,7221.621947254083,9561.820477610421,-2340.1985303563342,0.0
formal,q4_2,count40_span40,2025-07-07,6149.654147886351,1862.1346666833442,4287.519481202995,0.0
formal,q4_2,count40_span40,2025-07-14,6082.36373513742,1089.9744298000062,4992.389305337412,0.0
formal,q4_2,count40_span40,2025-07-09,5899.147944465411,421.6540691562484,5477.493875309156,0.0
formal,q4_2,raw_history,2025-02-01,30996.78209096423,-46.64740279375092,31043.42949375798,0.0
formal,q4_2,raw_history,2025-02-08,30474.09803797576,-206.8225163180554,30680.920554293818,0.0
formal,q4_2,raw_history,2025-02-15,29594.0886428845,-816.1806455166659,30410.269288401167,0.0
formal,q4_2,raw_history,2025-02-07,29498.95617318367,-117.98442310347252,29616.940596287142,0.0
formal,q4_2,raw_history,2025-02-14,29020.121401200555,-654.8434379743039,29674.96483917486,0.0
formal,q4_2,reference,2025-02-01,0.0,0.0,0.0,0.0
formal,q4_2,reference,2025-09-15,0.0,0.0,0.0,0.0
formal,q4_2,reference,2025-09-14,0.0,0.0,0.0,0.0
formal,q4_2,reference,2025-09-13,0.0,0.0,0.0,0.0
formal,q4_2,reference,2025-09-12,0.0,0.0,0.0,0.0
formal,q4_2,shuffle_20260913,2025-06-05,5371.83635348457,6960.378811063587,-1588.5424575790094,0.0
formal,q4_2,shuffle_20260913,2025-06-11,4183.451273414321,5968.118978270821,-1784.6677048565034,0.0
formal,q4_2,shuffle_20260913,2025-06-10,3375.1491594217805,5565.028935677082,-2189.8797762553004,0.0
formal,q4_2,shuffle_20260913,2025-06-04,3365.172719327893,4122.806177545823,-757.6334582179261,0.0
formal,q4_2,shuffle_20260913,2025-06-09,2869.912884697864,4929.319687791652,-2059.406803093785,0.0
formal,q4_2,shuffle_20260914,2025-06-06,3623.680949907088,4138.143084108338,-514.4621342012506,0.0
formal,q4_2,shuffle_20260914,2025-06-05,3404.367348841435,4477.032826162489,-1072.665477321054,0.0
formal,q4_2,shuffle_20260914,2025-06-11,3403.5234538708028,4922.833213614569,-1519.309759743759,0.0
formal,q4_2,shuffle_20260914,2025-06-04,3172.033450929317,3974.493357508338,-802.4599065790171,0.0
formal,q4_2,shuffle_20260914,2025-06-10,2326.486102073264,4317.25226376458,-1990.7661616913174,0.0
formal,q4_2,shuffle_20260915,2025-06-06,4726.199565257084,5409.66002191458,-683.4604566574963,0.0
formal,q4_2,shuffle_20260915,2025-06-11,4174.409381037534,5930.126399287496,-1755.7170182499685,0.0
formal,q4_2,shuffle_20260915,2025-06-05,3919.116015333362,5318.97625662843,-1399.860241295064,0.0
formal,q4_2,shuffle_20260915,2025-06-10,3240.402447579654,5501.859982454172,-2261.457534874513,0.0
formal,q4_2,shuffle_20260915,2025-07-10,2043.6852395299502,190.68944860625425,1852.9957909236982,0.0
formal,q4_2,shuffle_20260916,2025-06-11,5357.932254757849,7540.216210064576,-2182.2839553067242,0.0
formal,q4_2,shuffle_20260916,2025-06-05,5302.761340998346,6841.589100439589,-1538.8277594412357,0.0
formal,q4_2,shuffle_20260916,2025-06-06,4767.378327945422,5443.063544725006,-675.6852167795823,0.0
formal,q4_2,shuffle_20260916,2025-06-04,3880.652202306839,4882.902450689573,-1002.2502483827338,0.0
formal,q4_2,shuffle_20260916,2025-06-09,3027.3209771331967,5090.676292633326,-2063.355315500128,0.0
formal,q4_2,shuffle_20260917,2025-06-05,5458.485232454608,7175.5849988604095,-1717.0997664058013,0.0
formal,q4_2,shuffle_20260917,2025-06-06,4255.63725545667,4913.80796321667,-658.1707077600004,0.0
formal,q4_2,shuffle_20260917,2025-06-10,3547.2341999219643,5329.095011689583,-1781.8608117676122,0.0
formal,q4_2,shuffle_20260917,2025-06-04,3042.2189532858465,3886.2956129979066,-844.0766597120528,0.0
formal,q4_2,shuffle_20260917,2025-08-25,2931.592259162513,3839.3562035416617,-907.7639443791559,0.0
formal,q4_2,terminal_0,2025-12-31,2316.8833333333314,0.0,2316.8833333333314,0.0
formal,q4_2,terminal_0,2025-02-01,-1718.2121481282848,0.0,-1718.2121481282848,0.0
formal,q4_2,terminal_0,2025-07-11,-637.0435104820317,9.094947017729282e-13,-637.0435104820353,0.0
formal,q4_2,terminal_0,2025-06-14,-598.8762734781885,1.1368683772161603e-12,-598.8762734781885,0.0
formal,q4_2,terminal_0,2025-07-25,-564.0819011629173,0.0,-564.0819011629173,0.0
formal,q4_2,terminal_05,2025-11-16,2260.03333333334,-9.094947017729282e-13,2260.033333333333,0.0
formal,q4_2,terminal_05,2025-11-02,2198.4841354403325,-9.094947017729282e-13,2198.4841354403325,0.0
formal,q4_2,terminal_05,2025-02-16,1576.7923868312719,-6.821210263296962e-13,1576.7923868312719,0.0
formal,q4_2,terminal_05,2025-03-09,1557.6333333333314,-5.684341886080801e-13,1557.6333333333314,0.0
formal,q4_2,terminal_05,2025-11-09,1484.5666666666657,-1.1368683772161603e-12,1484.5666666666657,0.0
formal,q4_2,terminal_15,2025-02-01,0.0,0.0,0.0,0.0
formal,q4_2,terminal_15,2025-09-15,0.0,0.0,0.0,0.0
formal,q4_2,terminal_15,2025-09-14,0.0,0.0,0.0,0.0
formal,q4_2,terminal_15,2025-09-13,0.0,0.0,0.0,0.0
formal,q4_2,terminal_15,2025-09-12,0.0,0.0,0.0,0.0
formal,q4_3,horizon_12,2025-12-10,1601.084568774284,1993.6184485298581,0.0,-392.5338797555697
formal,q4_3,horizon_12,2025-07-06,1600.082011266044,-107.24622351194193,0.0,1707.3282347779823
formal,q4_3,horizon_12,2025-07-22,-944.6070416414295,-56.28521121319636,0.0,-888.3218304282437
formal,q4_3,horizon_12,2025-10-06,922.398123501298,1272.9979043909716,0.0,-350.5997808896757
formal,q4_3,horizon_12,2025-08-05,-861.7331576474389,-432.2688736083369,0.0,-429.4642840391041
formal,q4_3,horizon_18,2025-10-04,308.6887646020841,308.6887646020823,0.0,0.0
formal,q4_3,horizon_18,2025-11-21,49.00964186805504,49.009641868055496,0.0,0.0
formal,q4_3,horizon_18,2025-10-18,-26.512833190972742,-26.512833190971833,0.0,0.0
formal,q4_3,horizon_18,2025-05-07,-2.1827872842550278e-11,-2.3646862246096134e-11,0.0,0.0
formal,q4_3,horizon_18,2025-06-04,-1.4551915228366852e-11,-5.4569682106375694e-12,0.0,0.0
formal,q4_3,horizon_24,2025-02-01,0.0,0.0,0.0,0.0
formal,q4_3,horizon_24,2025-09-15,0.0,0.0,0.0,0.0
formal,q4_3,horizon_24,2025-09-14,0.0,0.0,0.0,0.0
formal,q4_3,horizon_24,2025-09-13,0.0,0.0,0.0,0.0
formal,q4_3,horizon_24,2025-09-12,0.0,0.0,0.0,0.0
validation,q2,count10_span10,2025-01-17,-9858.773930839372,78.74637852500031,-9937.520309364372,0.0
validation,q2,count10_span10,2025-01-18,-5022.876179355986,963.9728196041666,-5986.848998960151,0.0
validation,q2,count10_span10,2025-01-25,-3569.359642563726,502.52015433333327,-4071.879796897061,0.0
validation,q2,count10_span10,2025-01-24,-3240.818233003687,764.278299301386,-4005.096532305073,0.0
validation,q2,count10_span10,2025-01-15,2735.439147260171,0.0,2735.439147260171,0.0
validation,q2,count10_span20,2025-01-23,10673.750444968842,-60.26663692777755,10734.017081896629,0.0
validation,q2,count10_span20,2025-01-19,10356.343531290258,-283.1113831583346,10639.454914448594,0.0
validation,q2,count10_span20,2025-01-25,9238.457364005772,-37.34570666666638,9275.803070672438,0.0
validation,q2,count10_span20,2025-01-18,5667.186580732363,-744.7212515374973,6411.907832269862,0.0
validation,q2,count10_span20,2025-01-15,2782.76645278433,0.0,2782.76645278433,0.0
validation,q2,count40_span40,2025-01-25,-1630.5721328748186,193.2956940305547,-1823.8678269053707,0.0
validation,q2,count40_span40,2025-01-24,-1302.203544730095,251.75497916944238,-1553.9585238995387,0.0
validation,q2,count40_span40,2025-01-29,1138.155019272599,-191.0914844680574,1329.2465037406582,0.0
validation,q2,count40_span40,2025-01-31,1133.0302912878396,-558.4025446784688,1691.432835966305,0.0
validation,q2,count40_span40,2025-01-30,1129.78530997716,-279.82308318610814,1409.6083931632747,0.0
validation,q2,raw_history,2025-01-31,34024.12180667151,-1078.2001598097218,35102.321966481235,0.0
validation,q2,raw_history,2025-01-25,31467.85320790847,-37.34570666666638,31505.198914575136,0.0
validation,q2,raw_history,2025-01-24,31335.526380915933,-91.03136738055548,31426.557748296487,0.0
validation,q2,raw_history,2025-01-18,27939.635063107657,-687.6829748708308,28627.31803797849,0.0
validation,q2,raw_history,2025-01-17,22659.19390615564,0.0,22659.19390615564,0.0
validation,q2,reference,2025-01-08,0.0,0.0,0.0,0.0
validation,q2,reference,2025-01-29,0.0,0.0,0.0,0.0
validation,q2,reference,2025-01-28,0.0,0.0,0.0,0.0
validation,q2,reference,2025-01-27,0.0,0.0,0.0,0.0
validation,q2,reference,2025-01-26,0.0,0.0,0.0,0.0
validation,q2,shuffle_20260913,2025-01-17,-1155.940289309372,0.0,-1155.940289309372,0.0
validation,q2,shuffle_20260913,2025-01-18,-942.9925695168567,-292.70083459027796,-650.2917349265772,0.0
validation,q2,shuffle_20260913,2025-01-15,-823.5768383042159,0.0,-823.5768383042159,0.0
validation,q2,shuffle_20260913,2025-01-12,-776.5216530644393,0.0,-776.5216530644393,0.0
validation,q2,shuffle_20260913,2025-01-11,611.0135420219012,0.0,611.0135420219012,0.0
validation,q2,shuffle_20260914,2025-01-16,-1415.5995635053114,0.0024108715275650283,-1415.601974376841,0.0
validation,q2,shuffle_20260914,2025-01-18,-1337.1919927173585,-252.78425499582994,-1084.407737721529,0.0
validation,q2,shuffle_20260914,2025-01-09,-903.5869131560175,0.0,-903.5869131560175,0.0
validation,q2,shuffle_20260914,2025-01-14,579.0348745949595,0.0,579.0348745949595,0.0
validation,q2,shuffle_20260914,2025-01-13,-548.548469251662,0.0,-548.548469251662,0.0
validation,q2,shuffle_20260915,2025-01-15,-1751.7545566554618,0.0,-1751.7545566554618,0.0
validation,q2,shuffle_20260915,2025-01-14,-1255.8653155438078,0.0,-1255.8653155438078,0.0
validation,q2,shuffle_20260915,2025-01-18,-787.4353831745611,100.23266967916823,-887.6680528537254,0.0
validation,q2,shuffle_20260915,2025-01-16,-774.8687768553791,-0.00429315625003035,-774.8644836991443,0.0
validation,q2,shuffle_20260915,2025-01-11,-646.4257009641879,33.56037006458233,-679.9860710287612,0.0
validation,q2,shuffle_20260916,2025-01-17,-1223.4343127575194,0.0,-1223.4343127575194,0.0
validation,q2,shuffle_20260916,2025-01-09,-729.7824337548518,0.0,-729.7824337548518,0.0
validation,q2,shuffle_20260916,2025-01-10,-664.8371806166688,0.0,-664.8371806166688,0.0
validation,q2,shuffle_20260916,2025-01-12,-558.4076751714747,0.0,-558.4076751714747,0.0
validation,q2,shuffle_20260916,2025-01-13,-549.587550215816,0.0,-549.5875502158015,0.0
validation,q2,shuffle_20260917,2025-01-14,-1391.8360925965244,0.0,-1391.8360925965098,0.0
validation,q2,shuffle_20260917,2025-01-18,-875.5788383728432,-442.22152084374966,-433.3573175290876,0.0
validation,q2,shuffle_20260917,2025-01-16,-695.3799222185626,0.00043318333308395296,-695.3803554018959,0.0
validation,q2,shuffle_20260917,2025-01-22,555.3130199468142,0.0013686916664994442,555.3116512551496,0.0
validation,q2,shuffle_20260917,2025-01-17,-427.4654006015189,0.0,-427.4654006015189,0.0
validation,q2,terminal_0,2025-01-31,2292.350000000002,0.0,2292.3499999999985,0.0
validation,q2,terminal_0,2025-01-08,-2217.0833333333285,0.0,-2217.0833333333285,0.0
validation,q2,terminal_0,2025-01-15,75.26666666667734,0.0,75.26666666667734,0.0
validation,q2,terminal_0,2025-01-16,75.26666666667734,0.0,75.26666666666279,0.0
validation,q2,terminal_0,2025-01-09,75.26666666667734,0.0,75.26666666667734,0.0
validation,q2,terminal_05,2025-01-31,2292.350000000002,0.0,2292.3499999999985,0.0
validation,q2,terminal_05,2025-01-08,-2217.0833333333285,0.0,-2217.0833333333285,0.0
validation,q2,terminal_05,2025-01-15,75.26666666667734,0.0,75.26666666667734,0.0
validation,q2,terminal_05,2025-01-16,75.26666666667734,0.0,75.26666666666279,0.0
validation,q2,terminal_05,2025-01-09,75.26666666667734,0.0,75.26666666667734,0.0
validation,q2,terminal_15,2025-01-08,0.0,0.0,0.0,0.0
validation,q2,terminal_15,2025-01-29,0.0,0.0,0.0,0.0
validation,q2,terminal_15,2025-01-28,0.0,0.0,0.0,0.0
validation,q2,terminal_15,2025-01-27,0.0,0.0,0.0,0.0
validation,q2,terminal_15,2025-01-26,0.0,0.0,0.0,0.0
validation,q3,horizon_12,2025-01-16,626.045999139038,609.7107954194471,0.0,16.335203719584218
validation,q3,horizon_12,2025-01-25,329.45531515084804,-110.61269488749906,0.0,440.06801003834505
validation,q3,horizon_12,2025-01-19,327.0933499608509,-42.22551424999983,0.0,369.3188642108505
validation,q3,horizon_12,2025-01-14,-323.31662715924904,-201.44685032500053,0.0,-121.86977683424492
validation,q3,horizon_12,2025-01-09,309.6446451660886,-21.388460656680337,0.0,331.0331058227629
validation,q3,horizon_18,2025-01-26,-68.60620943624235,0.0,0.0,-68.60620943624929
validation,q3,horizon_18,2025-01-12,-56.77500597576727,0.0,0.0,-56.77500597576409
validation,q3,horizon_18,2025-01-28,9.116476141120074,-7.113079605554958,0.0,16.229555746666847
validation,q3,horizon_18,2025-01-29,-1.8724324806971708,0.0,0.0,-1.8724324806943855
validation,q3,horizon_18,2025-01-22,-1.0072202474984806,0.0,0.0,-1.007220247499962
validation,q3,horizon_24,2025-01-08,0.0,0.0,0.0,0.0
validation,q3,horizon_24,2025-01-29,0.0,0.0,0.0,0.0
validation,q3,horizon_24,2025-01-28,0.0,0.0,0.0,0.0
validation,q3,horizon_24,2025-01-27,0.0,0.0,0.0,0.0
validation,q3,horizon_24,2025-01-26,0.0,0.0,0.0,0.0
validation,q4_2,count10_span10,2025-01-17,-9383.634485503786,69.07422167083368,-9452.708707174621,0.0
validation,q4_2,count10_span10,2025-01-18,-8884.565869066435,1669.2695563249972,-10553.835425391426,0.0
validation,q4_2,count10_span10,2025-01-19,-8286.261418666123,1693.319162095834,-9979.580580761962,0.0
validation,q4_2,count10_span10,2025-01-24,-4908.381361263626,709.3408782138852,-5617.722239477513,0.0
validation,q4_2,count10_span10,2025-01-25,-4410.077318555752,511.2512522749995,-4921.328570830752,0.0
validation,q4_2,count10_span20,2025-01-23,14057.165536194603,-70.7933801416664,14127.958916336269,0.0
validation,q4_2,count10_span20,2025-01-19,7177.552422072127,-11.652428333333413,7189.204850405455,0.0
validation,q4_2,count10_span20,2025-01-25,7135.737024316768,-37.514879999999714,7173.25190431677,0.0
validation,q4_2,count10_span20,2025-01-24,-3608.3721731306105,258.5083663208309,-3866.880539451442,0.0
validation,q4_2,count10_span20,2025-01-15,3483.698108419354,0.0,3483.698108419354,0.0
validation,q4_2,count40_span40,2025-01-29,2182.293736479638,-273.99815503680776,2456.2918915164482,0.0
validation,q4_2,count40_span40,2025-01-24,-1756.7795553941796,24.9608848666671,-1781.7404402608445,0.0
validation,q4_2,count40_span40,2025-01-28,1740.4211317028676,-938.5667696527737,2678.9879013556347,0.0
validation,q4_2,count40_span40,2025-01-31,1660.5395702093992,-497.8971434013878,2158.4367136107976,0.0
validation,q4_2,count40_span40,2025-01-30,1600.2051198054542,-493.50168294235823,2093.7068027477944,0.0
validation,q4_2,raw_history,2025-01-31,31132.382918074527,-840.050637324306,31972.433555398842,0.0
validation,q4_2,raw_history,2025-01-25,27056.09353954038,-37.514879999999714,27093.608419540382,0.0
validation,q4_2,raw_history,2025-01-24,26048.56786391311,-79.63609013472247,26128.203954047833,0.0
validation,q4_2,raw_history,2025-01-18,21624.60687413383,65.44195166666654,21559.164922467164,0.0
validation,q4_2,raw_history,2025-01-17,21186.14921557683,0.0,21186.14921557683,0.0
validation,q4_2,reference,2025-01-08,0.0,0.0,0.0,0.0
validation,q4_2,reference,2025-01-29,0.0,0.0,0.0,0.0
validation,q4_2,reference,2025-01-28,0.0,0.0,0.0,0.0
validation,q4_2,reference,2025-01-27,0.0,0.0,0.0,0.0
validation,q4_2,reference,2025-01-26,0.0,0.0,0.0,0.0
validation,q4_2,shuffle_20260913,2025-01-19,-5201.784753574975,0.0,-5201.78475357499,0.0
validation,q4_2,shuffle_20260913,2025-01-15,-4290.065477096985,49.43767060000034,-4339.503147696989,0.0
validation,q4_2,shuffle_20260913,2025-01-13,-3152.295158903842,37.69686445416639,-3189.992023358005,0.0
validation,q4_2,shuffle_20260913,2025-01-24,-2954.16569012744,71.01577093055424,-3025.1814610580004,0.0
validation,q4_2,shuffle_20260913,2025-01-18,-2902.6653378830124,312.33692989999827,-3215.0022677830057,0.0
validation,q4_2,shuffle_20260914,2025-01-16,-7699.325299245276,76.60171742152593,-7775.927016666799,0.0
validation,q4_2,shuffle_20260914,2025-01-19,-5639.323904256948,31.081786458330654,-5670.405690715284,0.0
validation,q4_2,shuffle_20260914,2025-01-17,-4021.8215591120934,0.0,-4021.8215591120934,0.0
validation,q4_2,shuffle_20260914,2025-01-24,-2145.882857383436,30.80862123888903,-2176.691478622324,0.0
validation,q4_2,shuffle_20260914,2025-01-12,-2029.4311359199637,35.0095732583336,-2064.4407091782778,0.0
validation,q4_2,shuffle_20260915,2025-01-19,-5618.668107398495,491.98191182083343,-6110.650019219334,0.0
validation,q4_2,shuffle_20260915,2025-01-17,-5357.5861832078845,0.0,-5357.5861832078845,0.0
validation,q4_2,shuffle_20260915,2025-01-12,-3683.6134742674913,131.5034080333325,-3815.1168823008193,0.0
validation,q4_2,shuffle_20260915,2025-01-18,-3072.4553062084196,82.63246139999912,-3155.08776760842,0.0
validation,q4_2,shuffle_20260915,2025-01-13,-2738.8253940466384,23.295044875000094,-2762.1204389216437,0.0
validation,q4_2,shuffle_20260916,2025-01-18,-5657.327247906724,576.3185551312487,-6233.645803037973,0.0
validation,q4_2,shuffle_20260916,2025-01-17,-5004.186141155358,0.0,-5004.186141155358,0.0
validation,q4_2,shuffle_20260916,2025-01-19,-4959.480687771298,98.49702062500222,-5057.977708396313,0.0
validation,q4_2,shuffle_20260916,2025-01-13,-3047.130579319666,37.69686445416639,-3084.8274437738437,0.0
validation,q4_2,shuffle_20260916,2025-01-24,-2709.4079791400873,216.51545287777668,-2925.923432017862,0.0
validation,q4_2,shuffle_20260917,2025-01-18,-5894.790439488115,276.1123466680539,-6170.902786156166,0.0
validation,q4_2,shuffle_20260917,2025-01-19,-5587.2983996108815,0.0,-5587.2983996108815,0.0
validation,q4_2,shuffle_20260917,2025-01-17,-2915.3780452264036,0.0,-2915.3780452264036,0.0
validation,q4_2,shuffle_20260917,2025-01-13,-2552.781978166735,37.69686445416639,-2590.478842620898,0.0
validation,q4_2,shuffle_20260917,2025-01-24,-2247.5635777570096,210.3533588055534,-2457.916936562564,0.0
validation,q4_2,terminal_0,2025-01-08,-2296.1833333333343,0.0,-2296.1833333333343,0.0
validation,q4_2,terminal_0,2025-01-31,1965.48333333333,-2.2737367544323206e-13,1965.4833333333372,0.0
validation,q4_2,terminal_0,2025-01-09,463.31677783581836,0.0,463.3167778358038,0.0
validation,q4_2,terminal_0,2025-01-26,405.9666666666744,0.0,405.9666666666744,0.0
validation,q4_2,terminal_0,2025-01-20,380.25511248789553,-2.2737367544323206e-13,380.25511248789553,0.0
validation,q4_2,terminal_05,2025-01-12,982.9617070987588,0.0,982.9617070987588,0.0
validation,q4_2,terminal_05,2025-01-19,901.7057465102844,0.0,901.7057465102844,0.0
validation,q4_2,terminal_05,2025-01-11,-630.2438104938192,0.0,-630.2438104938192,0.0
validation,q4_2,terminal_05,2025-01-18,-624.7628644633296,0.0,-624.7628644633296,0.0
validation,q4_2,terminal_05,2025-01-14,-523.3339433096844,0.0,-523.3339433096553,0.0
validation,q4_2,terminal_15,2025-01-08,0.0,0.0,0.0,0.0
validation,q4_2,terminal_15,2025-01-29,0.0,0.0,0.0,0.0
validation,q4_2,terminal_15,2025-01-28,0.0,0.0,0.0,0.0
validation,q4_2,terminal_15,2025-01-27,0.0,0.0,0.0,0.0
validation,q4_2,terminal_15,2025-01-26,0.0,0.0,0.0,0.0
validation,q4_3,horizon_12,2025-01-15,1005.9729581644206,800.330571325001,0.0,205.64238683942233
validation,q4_3,horizon_12,2025-01-29,932.5345037730294,1028.28314749917,0.0,-95.74864372614479
validation,q4_3,horizon_12,2025-01-09,625.5668892921385,0.0,0.0,625.5668892921526
validation,q4_3,horizon_12,2025-01-27,570.0134299086785,-386.95090013932077,0.0,956.9643300479984
validation,q4_3,horizon_12,2025-01-14,-447.0280142753618,-261.29339360000074,0.0,-185.73462067534558
validation,q4_3,horizon_18,2025-01-08,0.0,0.0,0.0,0.0
validation,q4_3,horizon_18,2025-01-29,0.0,0.0,0.0,0.0
validation,q4_3,horizon_18,2025-01-28,0.0,0.0,0.0,0.0
validation,q4_3,horizon_18,2025-01-27,0.0,0.0,0.0,0.0
validation,q4_3,horizon_18,2025-01-26,0.0,0.0,0.0,0.0
validation,q4_3,horizon_24,2025-01-08,0.0,0.0,0.0,0.0
validation,q4_3,horizon_24,2025-01-29,0.0,0.0,0.0,0.0
validation,q4_3,horizon_24,2025-01-28,0.0,0.0,0.0,0.0
validation,q4_3,horizon_24,2025-01-27,0.0,0.0,0.0,0.0
validation,q4_3,horizon_24,2025-01-26,0.0,0.0,0.0,0.0
