phase,mode,variant,month,total_cost_yuan,emergency_cost_yuan,emergency_share
formal,q2,count10_span10,2025-02,1260830.453017445,37389.559531799285,0.02965470848385509
formal,q2,count10_span10,2025-03,1213896.1744595636,89460.83438161454,0.07369727021459906
formal,q2,count10_span10,2025-04,1032784.5256582473,92283.71371587292,0.08935427615654457
formal,q2,count10_span10,2025-05,1083328.5712439183,105760.52161594997,0.09762552601609296
formal,q2,count10_span10,2025-06,1507160.490698668,173612.04535961247,0.11519147856585059
formal,q2,count10_span10,2025-07,1612684.8113437956,118886.68065792914,0.07371972490946008
formal,q2,count10_span10,2025-08,1399568.030330284,107428.66266898486,0.07675844284870724
formal,q2,count10_span10,2025-09,1236077.3596908902,105596.05852608538,0.08542835745530694
formal,q2,count10_span10,2025-10,1227220.353001151,103265.29016206245,0.08414567922502961
formal,q2,count10_span10,2025-11,1321489.566306345,45515.81191254371,0.03444280838309118
formal,q2,count10_span10,2025-12,1761324.2286171778,73932.6216242895,0.041975588834279695
formal,q2,count10_span20,2025-02,1279368.641292128,27283.65417443332,0.021325873789494763
formal,q2,count10_span20,2025-03,1224010.7979051196,107090.3624655708,0.08749135436456502
formal,q2,count10_span20,2025-04,1032149.1359839559,95828.10006033331,0.09284326917444892
formal,q2,count10_span20,2025-05,1107178.2894460987,137777.67637000748,0.12444037033903109
formal,q2,count10_span20,2025-06,1574464.414064137,229388.11053259877,0.14569278827997345
formal,q2,count10_span20,2025-07,1650484.0631413616,114051.90424526154,0.0691020936174245
formal,q2,count10_span20,2025-08,1415268.3893992428,98924.24312396042,0.06989786804038778
formal,q2,count10_span20,2025-09,1264885.3875971632,113050.9657467625,0.08937645011578442
formal,q2,count10_span20,2025-10,1229390.1838956664,113072.5859990062,0.09197453134098087
formal,q2,count10_span20,2025-11,1337260.4683305381,62996.640082452046,0.04710872831012366
formal,q2,count10_span20,2025-12,1803609.4761855183,94378.29443970825,0.052327455408645536
formal,q2,count40_span40,2025-02,1318687.9391266792,10713.449364402779,0.008124324979796146
formal,q2,count40_span40,2025-03,1208621.54011389,107047.30431113174,0.08856974723538728
formal,q2,count40_span40,2025-04,1024487.2986231494,96151.36121969583,0.09385315108241712
formal,q2,count40_span40,2025-05,1109806.8930102964,187822.01318560622,0.16923846334757237
formal,q2,count40_span40,2025-06,1575519.695471569,310968.220507081,0.19737501308354327
formal,q2,count40_span40,2025-07,1684665.2455166946,84041.96750122287,0.04988644938505086
formal,q2,count40_span40,2025-08,1431533.9607873193,55169.30741987915,0.038538594913624664
formal,q2,count40_span40,2025-09,1244819.7340697146,83124.18080224589,0.06677607891906269
formal,q2,count40_span40,2025-10,1215511.4761681051,124771.17720758326,0.10264911492314649
formal,q2,count40_span40,2025-11,1330093.5551945444,85134.74756214579,0.0640065860252166
formal,q2,count40_span40,2025-12,1796919.4899631047,116830.88310238533,0.06501731644347859
formal,q2,raw_history,2025-02,1576796.0900835558,9554.588947949995,0.006059495586042256
formal,q2,raw_history,2025-03,1467935.5269257363,42530.17809062497,0.028972783416241002
formal,q2,raw_history,2025-04,1199726.154726996,41254.30517273332,0.03438643477946095
formal,q2,raw_history,2025-05,1258428.7634861462,108938.21154555399,0.08656684804610576
formal,q2,raw_history,2025-06,1729923.0978913156,331516.3398176207,0.19163646073153282
formal,q2,raw_history,2025-07,1805733.3598062783,190350.74254534996,0.10541464580671593
formal,q2,raw_history,2025-08,1615433.8964731896,76351.37693612494,0.04726369621363959
formal,q2,raw_history,2025-09,1422755.7682282631,92929.93440799165,0.06531685654222716
formal,q2,raw_history,2025-10,1452102.5012504293,141997.94413201662,0.09778782421333196
formal,q2,raw_history,2025-11,1625269.5098871884,177617.38593034973,0.10928488158414928
formal,q2,raw_history,2025-12,2040943.832626487,210271.61334404987,0.10302665364065983
formal,q2,reference,2025-02,1271253.2714433179,26645.529121390955,0.020960047631687857
formal,q2,reference,2025-03,1219470.4696263112,108911.87713769372,0.08931079501340296
formal,q2,reference,2025-04,1020555.8414724634,87560.82114581873,0.08579718775553281
formal,q2,reference,2025-05,1093972.7112923851,131325.96474051249,0.12004500970172108
formal,q2,reference,2025-06,1557658.8215877379,227316.7001133989,0.14593484591297895
formal,q2,reference,2025-07,1636764.0188680924,118145.11883465241,0.07218213344911865
formal,q2,reference,2025-08,1401723.3774763711,91698.5576686961,0.06541844071530573
formal,q2,reference,2025-09,1255893.8016562944,112261.21122097917,0.08938750320522894
formal,q2,reference,2025-10,1219917.7923151446,111746.95371937912,0.09160203615631113
formal,q2,reference,2025-11,1322561.8308879454,53218.854665554114,0.04023921863057539
formal,q2,reference,2025-12,1795177.786676919,97487.84270140894,0.054305397172872874
formal,q2,shuffle_20260913,2025-02,1271749.9187269302,26982.145495214565,0.021216549808963002
formal,q2,shuffle_20260913,2025-03,1219668.1730915515,107649.63608833123,0.08826141278694395
formal,q2,shuffle_20260913,2025-04,1019715.2424012531,86612.10002407915,0.08493753591455849
formal,q2,shuffle_20260913,2025-05,1094255.816249459,130416.27696454983,0.11918262167575142
formal,q2,shuffle_20260913,2025-06,1565825.9130844825,246546.34034574984,0.15745450262736052
formal,q2,shuffle_20260913,2025-07,1643278.2979959308,106836.35757849163,0.06501415962760812
formal,q2,shuffle_20260913,2025-08,1404492.1240439625,96023.32287370978,0.06836871580114616
formal,q2,shuffle_20260913,2025-09,1254182.0212930944,112590.31486683122,0.089771909463945
formal,q2,shuffle_20260913,2025-10,1219592.8318199946,112337.44130343375,0.09211061132246319
formal,q2,shuffle_20260913,2025-11,1323470.843245216,56743.42447429994,0.04287470688448433
formal,q2,shuffle_20260913,2025-12,1794743.2437048666,101658.04094011452,0.056642108165992064
formal,q2,shuffle_20260914,2025-02,1272044.3737860827,26600.358284207614,0.02091150185668047
formal,q2,shuffle_20260914,2025-03,1221642.3597089495,109620.60878313541,0.0897321608995713
formal,q2,shuffle_20260914,2025-04,1019345.9641759498,86057.78719655625,0.08442451358124156
formal,q2,shuffle_20260914,2025-05,1093997.5259256617,130547.4821385876,0.11933069229578719
formal,q2,shuffle_20260914,2025-06,1565301.310202904,246336.66804921813,0.1573733225951791
formal,q2,shuffle_20260914,2025-07,1648465.89252969,109575.8776086687,0.0664714254054214
formal,q2,shuffle_20260914,2025-08,1401251.4779636948,95120.26757688748,0.06788236735001821
formal,q2,shuffle_20260914,2025-09,1254429.7853380523,113060.78887308956,0.09012922859020059
formal,q2,shuffle_20260914,2025-10,1221425.1507517702,113966.8256189307,0.09330643433106457
formal,q2,shuffle_20260914,2025-11,1321925.4135974767,55162.19673456871,0.04172867558726386
formal,q2,shuffle_20260914,2025-12,1791067.3331908728,100319.74149061868,0.056011150240730605
formal,q2,shuffle_20260915,2025-02,1272143.5984044955,26482.46611937566,0.020817198744378852
formal,q2,shuffle_20260915,2025-03,1220175.1334373702,108127.90754262291,0.08861671130603561
formal,q2,shuffle_20260915,2025-04,1020043.1358190926,86839.91759854375,0.08513357381578913
formal,q2,shuffle_20260915,2025-05,1094739.6463800564,131720.77299358122,0.12032155173071374
formal,q2,shuffle_20260915,2025-06,1566406.6315724766,249103.73261807862,0.15902877809449106
formal,q2,shuffle_20260915,2025-07,1648372.2069423532,111719.03148915067,0.06777536712802493
formal,q2,shuffle_20260915,2025-08,1403494.069655638,94722.93439016874,0.06749079774409734
formal,q2,shuffle_20260915,2025-09,1257117.4283275441,115530.33008045617,0.09190098512448158
formal,q2,shuffle_20260915,2025-10,1220414.7414449854,113481.96782600827,0.09298639550325678
formal,q2,shuffle_20260915,2025-11,1322825.1435784192,56128.386268937466,0.04243069202411943
formal,q2,shuffle_20260915,2025-12,1793272.6670937878,99057.54991248953,0.055238420642982365
formal,q2,shuffle_20260916,2025-02,1272763.860315652,26944.564427981924,0.021170120607682506
formal,q2,shuffle_20260916,2025-03,1221698.0442047974,110430.5045720643,0.09039099726474839
formal,q2,shuffle_20260916,2025-04,1020002.9554705574,86184.26841455832,0.08449413597512467
formal,q2,shuffle_20260916,2025-05,1095227.7238786886,131547.5808812,0.12010979818455608
formal,q2,shuffle_20260916,2025-06,1565165.5612237349,245255.633574278,0.15669628801602514
formal,q2,shuffle_20260916,2025-07,1645644.926584025,107955.44055282552,0.0656006887080531
formal,q2,shuffle_20260916,2025-08,1402763.5883196855,95172.7277635596,0.06784659122608337
formal,q2,shuffle_20260916,2025-09,1254444.043350419,114516.25564857082,0.09128845264609511
formal,q2,shuffle_20260916,2025-10,1219676.2279124283,112118.53352102288,0.09192483296400927
formal,q2,shuffle_20260916,2025-11,1322058.1623368745,54766.92086842956,0.041425500351378916
formal,q2,shuffle_20260916,2025-12,1794795.612174385,102465.14631592493,0.0570901475471009
formal,q2,shuffle_20260917,2025-02,1272511.2917753484,26633.826004336082,0.020930129403549585
formal,q2,shuffle_20260917,2025-03,1220265.6082044202,108214.25622535206,0.08868090315565452
formal,q2,shuffle_20260917,2025-04,1019266.8124055015,86108.48620364166,0.08448081028011002
formal,q2,shuffle_20260917,2025-05,1093805.008559357,130115.69983009963,0.11895694279318955
formal,q2,shuffle_20260917,2025-06,1568846.7885289101,251910.56621562882,0.16057053375609895
formal,q2,shuffle_20260917,2025-07,1651280.0303794306,110597.5946159312,0.0669768861617724
formal,q2,shuffle_20260917,2025-08,1403340.2165546569,94926.98107121668,0.0676435977187856
formal,q2,shuffle_20260917,2025-09,1254093.3131014288,111994.59735630685,0.08930324098398963
formal,q2,shuffle_20260917,2025-10,1220068.0593068476,112522.58939617287,0.09222648567662682
formal,q2,shuffle_20260917,2025-11,1322764.5220294269,55790.77689532074,0.0421774064591064
formal,q2,shuffle_20260917,2025-12,1793190.4427682061,101461.16530022286,0.05658136630685694
formal,q2,terminal_0,2025-02,1271011.7308581558,26645.529121390955,0.020964030838173737
formal,q2,terminal_0,2025-03,1221060.9679691189,108961.18400323538,0.08923484319088566
formal,q2,terminal_0,2025-04,1021114.1740347242,87601.26650890414,0.08578988396837703
formal,q2,terminal_0,2025-05,1093409.1531549604,131495.18470465206,0.12026164617813133
formal,q2,terminal_0,2025-06,1559221.1917616639,227778.86443249267,0.1460850234950565
formal,q2,terminal_0,2025-07,1637741.8958106986,118213.05938678159,0.07218051860868159
formal,q2,terminal_0,2025-08,1401946.8134544438,91871.63739890236,0.06553147132060422
formal,q2,terminal_0,2025-09,1257099.1179704964,112467.25097628124,0.08946569874128318
formal,q2,terminal_0,2025-10,1221891.1176046454,111779.32552650411,0.09148059423300545
formal,q2,terminal_0,2025-11,1324768.8006414725,53298.01458638745,0.04023193674290923
formal,q2,terminal_0,2025-12,1799728.136676919,97487.84270140894,0.054168093899678596
formal,q2,terminal_05,2025-02,1271011.7308581558,26645.529121390955,0.020964030838173737
formal,q2,terminal_05,2025-03,1221060.9679691189,108961.18400323538,0.08923484319088566
formal,q2,terminal_05,2025-04,1021114.1740347242,87601.26650890414,0.08578988396837703
formal,q2,terminal_05,2025-05,1093409.1531549604,131495.18470465206,0.12026164617813133
formal,q2,terminal_05,2025-06,1559221.1917616639,227778.86443249267,0.1460850234950565
formal,q2,terminal_05,2025-07,1637741.8958106986,118213.05938678159,0.07218051860868159
formal,q2,terminal_05,2025-08,1401946.8134544438,91871.63739890236,0.06553147132060422
formal,q2,terminal_05,2025-09,1257099.1179704964,112467.25097628124,0.08946569874128318
formal,q2,terminal_05,2025-10,1221891.1176046454,111779.32552650411,0.09148059423300545
formal,q2,terminal_05,2025-11,1324768.8006414725,53298.01458638745,0.04023193674290923
formal,q2,terminal_05,2025-12,1799728.136676919,97487.84270140894,0.054168093899678596
formal,q2,terminal_15,2025-02,1271253.2714433179,26645.529121390955,0.020960047631687857
formal,q2,terminal_15,2025-03,1219470.4696263112,108911.87713769372,0.08931079501340296
formal,q2,terminal_15,2025-04,1020555.8414724634,87560.82114581873,0.08579718775553281
formal,q2,terminal_15,2025-05,1093972.7112923851,131325.96474051249,0.12004500970172108
formal,q2,terminal_15,2025-06,1557658.8215877379,227316.7001133989,0.14593484591297895
formal,q2,terminal_15,2025-07,1636764.0188680924,118145.11883465241,0.07218213344911865
formal,q2,terminal_15,2025-08,1401723.3774763711,91698.5576686961,0.06541844071530573
formal,q2,terminal_15,2025-09,1255893.8016562944,112261.21122097917,0.08938750320522894
formal,q2,terminal_15,2025-10,1219917.7923151446,111746.95371937912,0.09160203615631113
formal,q2,terminal_15,2025-11,1322561.8308879454,53218.854665554114,0.04023921863057539
formal,q2,terminal_15,2025-12,1795177.786676919,97487.84270140894,0.054305397172872874
formal,q3,horizon_12,2025-02,1378332.7403964947,143448.73590720983,0.10407409742435995
formal,q3,horizon_12,2025-03,1311628.5975533943,176850.0813623809,0.1348324378503661
formal,q3,horizon_12,2025-04,1117912.3021629932,167843.28311798186,0.15013993744699847
formal,q3,horizon_12,2025-05,1161086.5575899763,186052.8123699058,0.16024026042992748
formal,q3,horizon_12,2025-06,1505305.5880305495,181989.0668461276,0.12089841975823065
formal,q3,horizon_12,2025-07,1719344.4187293597,204891.00976461035,0.1191681012440952
formal,q3,horizon_12,2025-08,1459264.5435184531,135211.5007116331,0.092657291861298
formal,q3,horizon_12,2025-09,1375299.1021962883,202496.2003330436,0.1472379353768694
formal,q3,horizon_12,2025-10,1335190.0303727482,209589.22457102325,0.15697332949116743
formal,q3,horizon_12,2025-11,1429783.446760486,151053.38934090704,0.10564773965117191
formal,q3,horizon_12,2025-12,1847941.0026439454,179147.8072617827,0.09694454909841094
formal,q3,horizon_18,2025-02,1377793.1810090616,143391.74979012966,0.10407349358857552
formal,q3,horizon_18,2025-03,1311337.7304482397,176568.24492172117,0.13464742211098193
formal,q3,horizon_18,2025-04,1116165.4521473655,167873.8252828028,0.1504022767949269
formal,q3,horizon_18,2025-05,1158506.2376763993,186471.15472791964,0.16095826562135943
formal,q3,horizon_18,2025-06,1504118.3910803853,181942.08117000762,0.12096260656670875
formal,q3,horizon_18,2025-07,1715766.9356429505,202711.01387415448,0.11814600786568512
formal,q3,horizon_18,2025-08,1460533.809307646,135706.18000034118,0.09291546634218045
formal,q3,horizon_18,2025-09,1375349.570239183,201937.12538939418,0.14682603591047466
formal,q3,horizon_18,2025-10,1333945.9080391766,209384.11355908742,0.15696597013207977
formal,q3,horizon_18,2025-11,1429395.9337299739,150835.30418918584,0.10552380948474142
formal,q3,horizon_18,2025-12,1846368.770617474,179090.8223460218,0.09699623671934678
formal,q3,horizon_24,2025-02,1378152.046487797,143875.02735037898,0.10439706396477998
formal,q3,horizon_24,2025-03,1311677.0454406354,176856.92902480226,0.13483267824160955
formal,q3,horizon_24,2025-04,1115950.9693586263,167757.08575697293,0.1503265738040341
formal,q3,horizon_24,2025-05,1159026.8012629512,187036.10245818523,0.16137340590776544
formal,q3,horizon_24,2025-06,1505530.7150251437,183450.49229371143,0.12185104592213361
formal,q3,horizon_24,2025-07,1715803.9141169307,202650.9844488246,0.1181084754391195
formal,q3,horizon_24,2025-08,1460836.0632026081,136022.0920077475,0.09311249594259377
formal,q3,horizon_24,2025-09,1375302.56896889,202109.04964064946,0.1469560620338093
formal,q3,horizon_24,2025-10,1334589.7090315085,210043.63233686457,0.15738442377866832
formal,q3,horizon_24,2025-11,1429223.6792504438,150721.79210557928,0.1054571053459073
formal,q3,horizon_24,2025-12,1846391.9644579228,179106.68818494113,0.09700361116851186
formal,q4_2,count10_span10,2025-02,1329144.5487126685,39883.887970621494,0.030007186208039365
formal,q4_2,count10_span10,2025-03,1220128.2416384132,98701.13794466454,0.08089406881700127
formal,q4_2,count10_span10,2025-04,1008756.7989986388,91807.63994708746,0.09101067773542842
formal,q4_2,count10_span10,2025-05,1058383.0242837663,99889.59778801874,0.0943794406147212
formal,q4_2,count10_span10,2025-06,1610583.3370252945,189559.89055267916,0.1176964185552741
formal,q4_2,count10_span10,2025-07,1840731.0064319707,136287.2811421072,0.07403975956611022
formal,q4_2,count10_span10,2025-08,1545022.1015163807,110193.71951405753,0.07132177553052903
formal,q4_2,count10_span10,2025-09,1244092.2717089658,103630.26593272081,0.08329789380523002
formal,q4_2,count10_span10,2025-10,1224530.1888670751,106848.39284929787,0.08725664244190917
formal,q4_2,count10_span10,2025-11,1381386.3063950604,49214.89061478955,0.03562717422849178
formal,q4_2,count10_span10,2025-12,2003466.1136552598,90226.9873875905,0.04503544470885722
formal,q4_2,count10_span20,2025-02,1349094.8821451762,28464.850897349985,0.02109922087324832
formal,q4_2,count10_span20,2025-03,1231709.4730413314,118362.8805308812,0.09609642786835122
formal,q4_2,count10_span20,2025-04,1008218.4017248284,94332.46225235416,0.09356351966099126
formal,q4_2,count10_span20,2025-05,1079036.7944736914,129571.5466479687,0.12008074915662931
formal,q4_2,count10_span20,2025-06,1675839.7228317095,243035.92133021395,0.1450233682965516
formal,q4_2,count10_span20,2025-07,1882350.1979058317,128317.12841931035,0.06816857381908362
formal,q4_2,count10_span20,2025-08,1560790.2091358523,99902.86427157045,0.06400787478471096
formal,q4_2,count10_span20,2025-09,1272601.7254301657,108940.72793487577,0.08560473065369416
formal,q4_2,count10_span20,2025-10,1226932.6153548758,115346.68612995617,0.09401224214468656
formal,q4_2,count10_span20,2025-11,1398293.2923302967,67418.8921869229,0.04821512951304181
formal,q4_2,count10_span20,2025-12,2053266.1589140568,111788.35832333534,0.05444416343103741
formal,q4_2,count40_span40,2025-02,1397507.6300688891,10313.509900037498,0.007379931012991393
formal,q4_2,count40_span40,2025-03,1213816.119067678,114491.48843337617,0.09432358545486785
formal,q4_2,count40_span40,2025-04,1002553.3399311104,94497.94669748748,0.09425727583130972
formal,q4_2,count40_span40,2025-05,1083401.4820279283,177162.29564361263,0.16352414001870977
formal,q4_2,count40_span40,2025-06,1673726.8068071017,319299.0548589506,0.19077130960701047
formal,q4_2,count40_span40,2025-07,1922013.5271113405,94182.96463235625,0.04900223817566312
formal,q4_2,count40_span40,2025-08,1584846.6639359933,55821.207185308296,0.03522183467684842
formal,q4_2,count40_span40,2025-09,1251749.6923863087,78304.02974248752,0.06255566126260467
formal,q4_2,count40_span40,2025-10,1214302.097787629,126566.42925966869,0.10422977073848723
formal,q4_2,count40_span40,2025-11,1391046.9282022305,89109.1984205687,0.06405908860007489
formal,q4_2,count40_span40,2025-12,2046953.6183710098,134590.87961004366,0.06575179740376956
formal,q4_2,raw_history,2025-02,1607966.9799488154,9987.904925108323,0.0062115112123920955
formal,q4_2,raw_history,2025-03,1411605.21048355,45715.22168836663,0.03238527411832571
formal,q4_2,raw_history,2025-04,1125685.730562167,37440.96501413332,0.03326058419114482
formal,q4_2,raw_history,2025-05,1189306.601970478,103952.85346437494,0.08740626957938585
formal,q4_2,raw_history,2025-06,1781337.2911404055,335386.603716902,0.18827798945487118
formal,q4_2,raw_history,2025-07,2017621.0877917605,220134.1599149333,0.10910579853022107
formal,q4_2,raw_history,2025-08,1728296.1199824235,78920.31423789993,0.045663652961682594
formal,q4_2,raw_history,2025-09,1387247.2842903985,83923.54640848331,0.06049645752336916
formal,q4_2,raw_history,2025-10,1398605.6037392633,141484.99456490827,0.10116146695440009
formal,q4_2,raw_history,2025-11,1646455.6544343038,196606.96441598324,0.11941224404463799
formal,q4_2,raw_history,2025-12,2271780.885526655,263874.6440459582,0.11615321078149908
formal,q4_2,reference,2025-02,1340640.5099253817,27160.09346201942,0.020259042794053057
formal,q4_2,reference,2025-03,1225926.5645451338,117923.2378665521,0.09619111068884144
formal,q4_2,reference,2025-04,998118.9882838186,87909.44227552286,0.08807511259421658
formal,q4_2,reference,2025-05,1067105.4390585208,123414.27278368954,0.11565330684901645
formal,q4_2,reference,2025-06,1660410.0895773065,241622.74750371417,0.1455199224700113
formal,q4_2,reference,2025-07,1871138.9278183132,133158.05799087702,0.07116417493709831
formal,q4_2,reference,2025-08,1550511.2253349414,96365.13783506927,0.06215055799692935
formal,q4_2,reference,2025-09,1263687.1945069195,109332.24429171244,0.08651843966368038
formal,q4_2,reference,2025-10,1217333.2441159543,114752.8023647541,0.0942657262663432
formal,q4_2,reference,2025-11,1383058.1303258361,56940.25259360619,0.041169818784255706
formal,q4_2,reference,2025-12,2045204.518794187,116430.55110095492,0.05692856143775788
formal,q4_2,shuffle_20260913,2025-02,1339850.5604949088,31205.23004720552,0.023290082466867836
formal,q4_2,shuffle_20260913,2025-03,1228769.1696399383,125509.11092584368,0.10214213867574587
formal,q4_2,shuffle_20260913,2025-04,999163.9233867208,93941.09011527707,0.09401969778578334
formal,q4_2,shuffle_20260913,2025-05,1074398.8919499114,139415.27739427498,0.12976118873433698
formal,q4_2,shuffle_20260913,2025-06,1678770.0606737447,285725.13331759325,0.17019908801740397
formal,q4_2,shuffle_20260913,2025-07,1881112.6203787983,141577.46950227633,0.07526262275236183
formal,q4_2,shuffle_20260913,2025-08,1552618.9045572316,111170.47551977287,0.07160190771442135
formal,q4_2,shuffle_20260913,2025-09,1264520.649002948,124399.39714877041,0.09837672263150239
formal,q4_2,shuffle_20260913,2025-10,1218392.7327541371,122734.30189784786,0.10073459780116299
formal,q4_2,shuffle_20260913,2025-11,1383466.6623669935,64743.46728382836,0.04679799596548124
formal,q4_2,shuffle_20260913,2025-12,2040993.981298864,127982.76009280201,0.06270609382755521
formal,q4_2,shuffle_20260914,2025-02,1340392.2080856832,32042.337645586063,0.023905195399000552
formal,q4_2,shuffle_20260914,2025-03,1226171.0946903396,123613.66540859996,0.10081273807862652
formal,q4_2,shuffle_20260914,2025-04,1000321.5384531269,95595.17905195623,0.09556445140607721
formal,q4_2,shuffle_20260914,2025-05,1071032.7611703568,136150.01351626034,0.1271203071019828
formal,q4_2,shuffle_20260914,2025-06,1673270.6138234932,279126.3660923123,0.16681483783098117
formal,q4_2,shuffle_20260914,2025-07,1877859.5395655343,135482.35704802704,0.07214722624002673
formal,q4_2,shuffle_20260914,2025-08,1551919.5124675457,111198.90678622498,0.07165249608171959
formal,q4_2,shuffle_20260914,2025-09,1267092.6917880045,125065.2504988687,0.09870252690226486
formal,q4_2,shuffle_20260914,2025-10,1220864.0846939245,125888.15980499786,0.10311398408984938
formal,q4_2,shuffle_20260914,2025-11,1384297.6531526656,66947.12088113118,0.048361796127200395
formal,q4_2,shuffle_20260914,2025-12,2037803.0844248405,126667.30568621034,0.06215875648355962
formal,q4_2,shuffle_20260915,2025-02,1338538.2686449734,30277.40903198745,0.02261975599893593
formal,q4_2,shuffle_20260915,2025-03,1227632.6612388142,124902.9677878729,0.10174294944371412
formal,q4_2,shuffle_20260915,2025-04,1001994.8353299106,97251.22317568054,0.09705760922775636
formal,q4_2,shuffle_20260915,2025-05,1070267.4486283052,134980.1930216312,0.12611818961197677
formal,q4_2,shuffle_20260915,2025-06,1675132.570032223,282816.0497496159,0.1688320404063158
formal,q4_2,shuffle_20260915,2025-07,1880228.7528719173,136662.73354894583,0.0726840993896105
formal,q4_2,shuffle_20260915,2025-08,1552445.300768188,110704.18748171808,0.07130955752639977
formal,q4_2,shuffle_20260915,2025-09,1266728.7227317393,124625.07821094163,0.09838339967707042
formal,q4_2,shuffle_20260915,2025-10,1221303.849992443,126311.67851529995,0.10342363083198461
formal,q4_2,shuffle_20260915,2025-11,1381907.566580361,64866.547045127634,0.04693985952015952
formal,q4_2,shuffle_20260915,2025-12,2044058.657499051,129436.14074741869,0.06332310487889156
formal,q4_2,shuffle_20260916,2025-02,1339636.235052508,31323.87030176313,0.023382370140604153
formal,q4_2,shuffle_20260916,2025-03,1227692.4201301085,124408.12778059997,0.10133493189394738
formal,q4_2,shuffle_20260916,2025-04,997732.9466983973,92586.37281118742,0.092796747985085
formal,q4_2,shuffle_20260916,2025-05,1074769.590171573,139891.8964713338,0.1301598945025993
formal,q4_2,shuffle_20260916,2025-06,1676308.2898046742,284981.5039190499,0.17000542540552394
formal,q4_2,shuffle_20260916,2025-07,1879948.0218526416,136205.28459731693,0.0724516226055495
formal,q4_2,shuffle_20260916,2025-08,1553958.6827522593,111946.24839919161,0.072039398242507
formal,q4_2,shuffle_20260916,2025-09,1270049.2698858227,128190.73153107913,0.10093366814234181
formal,q4_2,shuffle_20260916,2025-10,1219996.4382712936,125345.70651343431,0.10274268234016014
formal,q4_2,shuffle_20260916,2025-11,1381925.0273419132,63862.617872711075,0.046212794912288906
formal,q4_2,shuffle_20260916,2025-12,2041724.2209335316,128328.6575244666,0.06285308084643834
formal,q4_2,shuffle_20260917,2025-02,1338879.112088418,30923.86901446037,0.02309683431107124
formal,q4_2,shuffle_20260917,2025-03,1228781.9963412175,125227.15113667244,0.10191160963421084
formal,q4_2,shuffle_20260917,2025-04,999589.4641530163,94673.22265861456,0.09471210537301347
formal,q4_2,shuffle_20260917,2025-05,1071931.067620614,136506.59743106234,0.12734643257804687
formal,q4_2,shuffle_20260917,2025-06,1675272.389135394,280996.592401702,0.16773188302036304
formal,q4_2,shuffle_20260917,2025-07,1879147.955966657,139964.98166467418,0.07448321523606398
formal,q4_2,shuffle_20260917,2025-08,1553963.4556789869,112757.23696059789,0.07256106091074702
formal,q4_2,shuffle_20260917,2025-09,1267537.678523516,127622.51776460624,0.10068538389585908
formal,q4_2,shuffle_20260917,2025-10,1221790.7706070002,127013.45656663744,0.10395679818692331
formal,q4_2,shuffle_20260917,2025-11,1384562.3031259098,67365.35684290202,0.04865462297421507
formal,q4_2,shuffle_20260917,2025-12,2041189.5547103721,128303.69100260822,0.0628573131322012
formal,q4_2,terminal_0,2025-02,1342972.3969333281,27173.96638651942,0.020234195764984492
formal,q4_2,terminal_0,2025-03,1230371.4232229926,118000.97775421251,0.09590679328775828
formal,q4_2,terminal_0,2025-04,1002356.958517357,88068.02450397497,0.08786093991330332
formal,q4_2,terminal_0,2025-05,1066052.6086443316,123574.25388931244,0.1159175943919487
formal,q4_2,terminal_0,2025-06,1654094.265759443,241662.36647621417,0.14609951287465464
formal,q4_2,terminal_0,2025-07,1863098.4126276628,133158.05799087702,0.0714712959274516
formal,q4_2,terminal_0,2025-08,1543469.6645852611,96726.8542311297,0.06266845176845166
formal,q4_2,terminal_0,2025-09,1262284.4464791543,109523.13510132286,0.08676581210107745
formal,q4_2,terminal_0,2025-10,1222147.9803249661,114912.00108723326,0.09402462135287287
formal,q4_2,terminal_0,2025-11,1387604.3069853834,57242.504188054096,0.0412527576484793
formal,q4_2,terminal_0,2025-12,2055312.3288105098,116423.69524565492,0.05664525708023846
formal,q4_2,terminal_05,2025-02,1339894.52038955,27160.09346201942,0.020270322065443717
formal,q4_2,terminal_05,2025-03,1229125.6703674947,117990.99172123334,0.0959958729736361
formal,q4_2,terminal_05,2025-04,1002215.835514978,88068.02450397497,0.08787331169909339
formal,q4_2,terminal_05,2025-05,1066003.5841025214,123574.25388931244,0.11592292533739536
formal,q4_2,terminal_05,2025-06,1654094.265759443,241662.36647621417,0.14609951287465464
formal,q4_2,terminal_05,2025-07,1863098.4126276628,133158.05799087702,0.0714712959274516
formal,q4_2,terminal_05,2025-08,1543469.6645852611,96726.8542311297,0.06266845176845166
formal,q4_2,terminal_05,2025-09,1262329.2654648542,109523.13510132286,0.08676273148194091
formal,q4_2,terminal_05,2025-10,1221336.6778064074,114901.33633685826,0.09407834745717113
formal,q4_2,terminal_05,2025-11,1386695.194100779,57021.97596595202,0.04112077131912805
formal,q4_2,terminal_05,2025-12,2046300.9364713477,116430.55110095492,0.05689805884648051
formal,q4_2,terminal_15,2025-02,1340640.5099253817,27160.09346201942,0.020259042794053057
formal,q4_2,terminal_15,2025-03,1225926.5645451338,117923.2378665521,0.09619111068884144
formal,q4_2,terminal_15,2025-04,998118.9882838186,87909.44227552286,0.08807511259421658
formal,q4_2,terminal_15,2025-05,1067105.4390585208,123414.27278368954,0.11565330684901645
formal,q4_2,terminal_15,2025-06,1660410.0895773065,241622.74750371417,0.1455199224700113
formal,q4_2,terminal_15,2025-07,1871138.9278183132,133158.05799087702,0.07116417493709831
formal,q4_2,terminal_15,2025-08,1550511.2253349414,96365.13783506927,0.06215055799692935
formal,q4_2,terminal_15,2025-09,1263687.1945069195,109332.24429171244,0.08651843966368038
formal,q4_2,terminal_15,2025-10,1217333.2441159543,114752.8023647541,0.0942657262663432
formal,q4_2,terminal_15,2025-11,1383058.1303258361,56940.25259360619,0.041169818784255706
formal,q4_2,terminal_15,2025-12,2045204.518794187,116430.55110095492,0.05692856143775788
formal,q4_3,horizon_12,2025-02,1455048.5028918083,152382.03231098293,0.10472642802499998
formal,q4_3,horizon_12,2025-03,1313198.3375971925,178744.30020964163,0.13611371191399516
formal,q4_3,horizon_12,2025-04,1087553.3298429493,160392.2124506742,0.14747985965326044
formal,q4_3,horizon_12,2025-05,1130609.9310070097,174954.24151206482,0.15474323788774513
formal,q4_3,horizon_12,2025-06,1600326.4965019277,187921.83852184715,0.11742718684756888
formal,q4_3,horizon_12,2025-07,1954566.7066299594,224466.27995008448,0.11484196430272087
formal,q4_3,horizon_12,2025-08,1605519.7381499389,138030.6021701233,0.0859725351799024
formal,q4_3,horizon_12,2025-09,1381455.4890331344,199923.66603313404,0.14471958569802232
formal,q4_3,horizon_12,2025-10,1331989.1910710954,210733.79451856104,0.1582098382863777
formal,q4_3,horizon_12,2025-11,1498249.826538289,162197.49701648546,0.1082579781712662
formal,q4_3,horizon_12,2025-12,2107992.0858019777,212222.65376081128,0.10067526115975524
formal,q4_3,horizon_18,2025-02,1454792.3774528538,152756.58337558332,0.10500232592848718
formal,q4_3,horizon_18,2025-03,1313197.1809633179,178473.92911822358,0.13590794414232676
formal,q4_3,horizon_18,2025-04,1085659.3337259598,160118.48587262473,0.14748501753593504
formal,q4_3,horizon_18,2025-05,1129951.7218372442,176968.1903787298,0.15661570928976373
formal,q4_3,horizon_18,2025-06,1598728.6496311962,188701.74131485325,0.11803237613736643
formal,q4_3,horizon_18,2025-07,1952218.6533965827,224931.73866589175,0.1152185172877754
formal,q4_3,horizon_18,2025-08,1607695.3411449993,139230.42394980195,0.08660249264057839
formal,q4_3,horizon_18,2025-09,1381271.9172583832,199160.20610824533,0.1441860966112656
formal,q4_3,horizon_18,2025-10,1330607.8281387186,209943.99741268417,0.1577805217833102
formal,q4_3,horizon_18,2025-11,1497118.9273607996,161997.54328217744,0.1082061954608745
formal,q4_3,horizon_18,2025-12,2104869.8500972716,211013.9524387794,0.10025035630066528
formal,q4_3,horizon_24,2025-02,1454792.3774528538,152756.58337558332,0.10500232592848718
formal,q4_3,horizon_24,2025-03,1313197.1809633179,178473.92911822358,0.13590794414232676
formal,q4_3,horizon_24,2025-04,1085659.3337259598,160118.48587262473,0.14748501753593504
formal,q4_3,horizon_24,2025-05,1129951.7218372442,176968.19037872984,0.15661570928976376
formal,q4_3,horizon_24,2025-06,1598728.6496311962,188701.74131485325,0.11803237613736643
formal,q4_3,horizon_24,2025-07,1952218.6533965827,224931.73866589175,0.1152185172877754
formal,q4_3,horizon_24,2025-08,1607695.3411449993,139230.42394980195,0.08660249264057839
formal,q4_3,horizon_24,2025-09,1381271.9172583832,199160.20610824533,0.1441860966112656
formal,q4_3,horizon_24,2025-10,1330325.6522073075,209661.82148127307,0.15760187825694955
formal,q4_3,horizon_24,2025-11,1497069.9177189316,161948.53364030938,0.10817700076898781
formal,q4_3,horizon_24,2025-12,2104869.8500972716,211013.9524387794,0.10025035630066528
validation,q2,count10_span10,2025-01,1422666.000694029,16950.935284674288,0.011914908542416136
validation,q2,count10_span20,2025-01,1488283.4816432057,5354.934084188881,0.003598060551123316
validation,q2,count40_span40,2025-01,1451179.1145173274,5016.480437152766,0.003456830646864211
validation,q2,raw_history,2025-01,1525968.253583913,23090.147139708315,0.015131472811101039
validation,q2,reference,2025-01,1449696.009281915,6154.4089549909495,0.004245309992982214
validation,q2,shuffle_20260913,2025-01,1447107.3205089327,5630.417352796505,0.0038908084238122335
validation,q2,shuffle_20260914,2025-01,1444890.9009207739,5771.735945594422,0.003994582526553607
validation,q2,shuffle_20260915,2025-01,1445910.849513702,6122.702341270811,0.004234495054332041
validation,q2,shuffle_20260916,2025-01,1445402.8973395992,5572.807477302055,0.003855539163204484
validation,q2,shuffle_20260917,2025-01,1447732.2477710787,5381.843537859698,0.003717430171321774
validation,q2,terminal_0,2025-01,1451312.3265749048,6176.537299313866,0.004255829145949918
validation,q2,terminal_05,2025-01,1451416.9244523002,6154.4089549909495,0.004240276416311839
validation,q2,terminal_15,2025-01,1449696.009281915,6154.4089549909495,0.004245309992982214
validation,q3,horizon_12,2025-01,1478568.4062636509,45797.38993222412,0.03097414346080499
validation,q3,horizon_18,2025-01,1475947.1522057634,46379.03186358295,0.031423233409320066
validation,q3,horizon_24,2025-01,1476066.2965977623,46386.144943188505,0.0314255159474243
validation,q4_2,count10_span10,2025-01,1614673.0416913326,20435.107770026363,0.012655879699719926
validation,q4_2,count10_span20,2025-01,1685751.2931890888,6184.734479633324,0.0036688297405562714
validation,q4_2,count40_span40,2025-01,1663985.1998721827,2903.9508387340147,0.0017451782858147289
validation,q4_2,raw_history,2025-01,1672116.329850852,27536.19759399999,0.01646787194312978
validation,q4_2,reference,2025-01,1657505.376860461,5573.76209163956,0.003362741484553744
validation,q4_2,shuffle_20260913,2025-01,1626396.1160699974,7524.534671969417,0.004626508018324346
validation,q4_2,shuffle_20260914,2025-01,1625618.920895086,7928.575685227747,0.004877265872903457
validation,q4_2,shuffle_20260915,2025-01,1621035.1221847513,8771.978736973591,0.005411344033774635
validation,q4_2,shuffle_20260916,2025-01,1624682.6837830003,8263.155860122894,0.005086012144157595
validation,q4_2,shuffle_20260917,2025-01,1625266.4780210857,7659.96369826455,0.0047130509377091645
validation,q4_2,terminal_0,2025-01,1663304.8780699908,5573.762091639557,0.0033510165004187625
validation,q4_2,terminal_05,2025-01,1658125.093985158,5573.76209163956,0.0033614846743821435
validation,q4_2,terminal_15,2025-01,1657505.376860461,5573.76209163956,0.003362741484553744
validation,q4_3,horizon_12,2025-01,1686203.4410856925,48112.39817699909,0.028532973545600797
validation,q4_3,horizon_18,2025-01,1682368.7835266925,47782.05880632109,0.02840165561450634
validation,q4_3,horizon_24,2025-01,1682368.7835266925,47782.05880632109,0.02840165561450634
