phase,mode,variant,days,intervals,total_cost_yuan,emergency_kwh,emergency_cost_yuan,emergency_cost_share,unused_surplus_kwh,throughput_kwh,net_adjustment_yuan,sequential_cost_yuan,initial_soc,terminal_soc,solves,solver_seconds,median_seconds,p95_seconds,max_seconds,simulation_seconds,audit_seconds,failures,max_lp_residual,min_actual_scenarios,max_actual_scenarios,max_physical_residual,passed,export_seconds
formal,q2,count10_span10,334,48096,14656364.564367484,270892.631008899,1053131.8001567442,0.07185491296505517,3308625.202148268,12643286.324268322,0.0,14656364.564367484,6000.0,6000.0,334,9.38254321100976,0.02747931249996327,0.03529004989968597,0.054773500000010245,14.173519832998863,2.6127745840003627,0,0.0,10,10,1.0231815394945443e-12,True,16.86680287499985
formal,q2,count10_span20,334,48096,14918069.24724093,307863.4629018517,1193842.5372400945,0.08002661185266273,3503247.3868107246,12663599.433227483,0.0,14918069.24724093,6000.0,6000.0,334,7.8825937929868815,0.02461262550059473,0.0292271580007764,0.030587375000322936,12.211064249999254,1.5513910000008764,0,0.0,10,10,1.0231815394945443e-12,True,13.956889375000173
formal,q2,count40_span40,334,48096,14940666.828045066,333892.9229670996,1261774.61218338,0.0844523625822984,3459327.1608754154,12654505.775889188,0.0,14940666.828045066,6000.0,6000.0,334,40.59226000698072,0.11832010449961672,0.16491385239987716,0.3674372920013411,50.12195033399985,2.7871952499990584,0,2.2737367544323206e-13,30,40,1.0231815394945443e-12,True,46.92133762499907
formal,q2,raw_history,334,48096,17195048.501385584,365616.17969248747,1423312.6208703658,0.08277456273273522,6451890.247119883,13479147.837250426,0.0,17195048.501385584,6000.0,6000.0,334,19.19200853599068,0.05527983350020804,0.06848382894959285,0.2492117909987428,25.372977291999632,2.4895957089993317,0,0.0,20,20,1.0231815394945443e-12,True,15.981232083000577
formal,q2,reference,334,48096,14794949.723302985,304382.5519326809,1166319.4310694847,0.07883226728594134,3371861.980407314,12650373.460542165,0.0,14794949.723302985,6000.0,6000.0,334,20.252186056004575,0.05691408349957783,0.08152948124943575,0.3008232499996666,27.638199916000303,2.9654779579996102,0,0.0,20,20,1.0231815394945443e-12,True,19.705212999999276
formal,q2,shuffle_20260913,334,48096,14810974.42565674,308448.7013125513,1184395.4009548053,0.07996741922010898,3372445.583979297,12659100.750565939,0.0,14810974.42565674,6000.0,6000.0,334,19.020867174011073,0.05417291700086935,0.07802874420103763,0.13758400000006077,26.2295536670008,7.60078783300014,0,0.0,20,20,1.0231815394945443e-12,True,34.70651220800028
formal,q2,shuffle_20260914,334,48096,14810896.587171104,308745.72575911763,1186368.6023544688,0.08010106581812725,3371371.6537646092,12655569.993054722,0.0,14810896.587171104,6000.0,6000.0,334,11.336095955008204,0.033718292000230576,0.036713410650645525,0.1769502500010276,15.480910124999355,1.5755123750004714,0,0.0,20,20,1.0231815394945443e-12,True,10.413492457999382
formal,q2,shuffle_20260915,334,48096,14819004.40265622,309990.1889868934,1192914.996839413,0.08049899739726037,3373970.6959412983,12656498.378092034,0.0,14819004.40265622,6000.0,6000.0,334,11.052732205997017,0.03378383299968846,0.03606571249983972,0.03797091699925659,15.203471458999047,1.5729240420005226,0,0.0,20,20,1.0231815394945443e-12,True,10.488402334000057
formal,q2,shuffle_20260916,334,48096,14814240.705771247,308903.02444034035,1187357.5765404159,0.0801497424081851,3376549.3512369515,12653033.966392785,0.0,14814240.705771247,6000.0,6000.0,334,11.091157488006502,0.03377004149933782,0.036432218300069506,0.04020649999984016,15.26639412500117,1.6060315419999824,0,0.0,20,20,1.0231815394945443e-12,True,10.465779624999413
formal,q2,shuffle_20260917,334,48096,14819432.093613535,309627.0677695291,1190276.5391142294,0.08031863377728095,3378236.145249932,12656677.898295436,0.0,14819432.093613535,6000.0,6000.0,334,15.874999832007234,0.03593625050052651,0.08768632509836606,0.32801075000134006,21.640075125000294,1.9124870840005315,0,0.0,20,20,1.0231815394945443e-12,True,12.05506879099994
formal,q2,terminal_0,334,48096,14808993.0999373,304720.2064118476,1167599.159346941,0.07884392621885174,3370093.5806989805,12456047.49680407,0.0,14808993.0999373,6000.0,6000.0,334,18.75221016501564,0.054510250500243274,0.07740067685044777,0.0964681669993297,25.630719541999497,3.840579208001145,0,0.0,20,20,1.0231815394945443e-12,True,17.091079083000295
formal,q2,terminal_05,334,48096,14808993.0999373,304720.2064118476,1167599.159346941,0.07884392621885174,3370093.5806989805,12456047.49680407,0.0,14808993.0999373,6000.0,6000.0,334,24.51968907198534,0.07206216600116022,0.09922344550031989,0.3309086249992106,34.1343369590013,3.817766665999443,0,0.0,20,20,1.0231815394945443e-12,True,20.923100832998898
formal,q2,terminal_15,334,48096,14794949.723302985,304382.5519326809,1166319.4310694847,0.07883226728594134,3371861.980407314,12650373.460542165,0.0,14794949.723302985,6000.0,6000.0,334,18.580209253992507,0.053561416500087944,0.08210419649931279,0.1474056249990099,25.438670499999716,2.4319059160006873,0,0.0,20,20,1.0231815394945443e-12,True,19.678409665999425
formal,q3,horizon_12,334,48096,15641088.329954688,461812.2449225506,1938573.1115866061,0.12394106283985305,3223888.3366361912,12565813.472195705,-85135.40118850296,16730593.382212328,6000.0,6000.0,1336,73.17245555107365,0.03992985450076958,0.15138079199959975,0.29329020799923455,96.80364341699897,5.621213625001474,0,2.8990143619012088e-12,20,20,1.8189894035458565e-12,True,22.134093292001126
formal,q3,horizon_18,334,48096,15629281.919937855,460312.2349735345,1935911.6152507658,0.12386439921984999,3214250.776545237,12546348.148557603,-94280.3148694949,15726599.589474294,6000.0,6000.0,1336,45.28485769895997,0.030565812500753964,0.054870197500349605,0.13193704100012837,57.209952875000454,5.306133999998565,0,2.8990143619012088e-12,20,20,1.8189894035458565e-12,True,18.253381624999747
formal,q3,horizon_24,334,48096,15632485.47660346,461512.7474726136,1939629.8756086575,0.1240768704702542,3213779.2002574643,12546497.532797396,-94795.01856178365,15728646.003742158,6000.0,6000.0,1336,46.33742250298019,0.034518040999500954,0.04022139574999528,0.11911970899927837,57.688791709000725,3.5027666250007314,0,2.8990143619012088e-12,20,20,1.8189894035458565e-12,True,13.461324834001061
formal,q4_2,count10_span10,334,48096,15466223.939233495,272907.57469555124,1116243.6916436348,0.07217299426345664,3315158.9645759137,12739868.669408422,0.0,15466223.939233495,6000.0,6000.0,334,9.269483964992105,0.02745110400064732,0.034198964698498445,0.04791783399923588,13.960123292001299,2.3380195000008825,0,0.0,10,10,1.0231815394945443e-12,True,19.834689208000782
formal,q4_2,count10_span20,334,48096,15738133.473287817,306648.0841658701,1245482.318924739,0.07913786733596358,3515219.786791092,12771346.286929403,0.0,15738133.473287817,6000.0,6000.0,334,9.57534895898425,0.028229062500031432,0.03602756239970403,0.04453283399925567,14.85845212499953,2.6151376249999885,0,0.0,10,10,1.0231815394945443e-12,True,16.67949737500021
formal,q4_2,count40_span40,334,48096,15781917.90569722,323349.702389906,1294339.0043838974,0.08201405001078135,3525377.595319126,12752930.238489684,0.0,15781917.90569722,6000.0,6000.0,334,61.75844912300454,0.17482033299984323,0.33741221654954595,0.4969681660004426,76.97695583299901,2.927424499999688,0,1.1368683772161603e-13,30,40,1.0231815394945443e-12,True,17.414130749999458
formal,q4_2,raw_history,334,48096,17565908.44987022,340915.63015426934,1517428.1723970515,0.08638483894684436,6566918.820017979,13469302.458738824,0.0,17565908.44987022,6000.0,6000.0,334,18.726626964997195,0.05323450000014418,0.07052914134956152,0.19330779100164364,24.60385150000002,2.8444114579997404,0,0.0,20,20,1.0231815394945443e-12,True,16.040266459000122
formal,q4_2,reference,334,48096,15623134.832286313,301847.56977805536,1225008.840068472,0.07840992561473033,3397835.897210531,12735625.047678294,0.0,15623134.832286313,6000.0,6000.0,334,20.954387205991225,0.05397702050049702,0.0920249330991282,0.5359582499986573,28.434020374999818,2.3650572919996193,0,0.0,20,20,1.0231815394945443e-12,True,17.652427999999418
formal,q4_2,shuffle_20260913,334,48096,15662058.156504197,337690.7200444,1368403.7132454922,0.08737061882746339,3283333.014076342,12725326.503548563,0.0,15662058.156504197,6000.0,6000.0,334,25.443934209009967,0.0710564165001415,0.10987777084983462,0.24455099999977392,34.636462917000244,2.942869416998292,0,0.0,20,20,1.0231815394945443e-12,True,18.8964491250008
formal,q4_2,shuffle_20260914,334,48096,15651024.782315517,336663.3528174509,1357776.662420175,0.08675321145452154,3281225.095002249,12728696.869837407,0.0,15651024.782315517,6000.0,6000.0,334,11.50960746599776,0.03504416699979629,0.03791504999962853,0.04061879199980467,15.662780292001116,1.5868126250006753,0,1.1368683772161603e-13,20,20,1.0231815394945443e-12,True,11.050981083000806
formal,q4_2,shuffle_20260915,334,48096,15660238.634317923,337544.1052117441,1362834.2083162395,0.08702512395498993,3287694.2363664173,12728767.568827154,0.0,15660238.634317923,6000.0,6000.0,334,11.665368621996095,0.03504483349934162,0.0383956124010183,0.08201695799834852,15.815609958001005,1.5205884169990895,0,0.0,20,20,1.0231815394945443e-12,True,11.158781583000746
formal,q4_2,shuffle_20260916,334,48096,15663741.142894723,338612.31568403065,1367071.017722134,0.08727614975572137,3289355.415036429,12723045.282708447,0.0,15663741.142894723,6000.0,6000.0,334,11.456272461011395,0.03500808349963336,0.03794131709946669,0.039929667000251357,15.519200208998882,1.5276101670006028,0,0.0,20,20,1.0231815394945443e-12,True,11.110443290999683
formal,q4_2,shuffle_20260917,334,48096,15662645.747951102,340232.25750996836,1371354.6734445377,0.08755574859527998,3280839.641922217,12722675.130185401,0.0,15662645.747951102,6000.0,6000.0,334,11.865029677996063,0.03609808349938248,0.03947581460097353,0.04935441700035881,16.059812541998326,1.5868044999988342,0,0.0,20,20,1.0231815394945443e-12,True,12.308685374999186
formal,q4_2,terminal_0,334,48096,15629764.792890389,302240.98266972206,1226465.8368545054,0.07846988442285426,3395880.604456364,12504131.5810445,0.0,15629764.792890389,6000.0,6000.0,334,18.279713796993747,0.052152145500258484,0.07658333520048473,0.25611058399954345,24.90814337499978,2.7302847080009087,0,0.0,20,20,1.0231815394945443e-12,True,17.821070333000534
formal,q4_2,terminal_05,334,48096,15614564.0271903,302179.2292863887,1226217.6407798491,0.07853037962792843,3396193.9972869204,12457446.173820069,0.0,15614564.0271903,6000.0,6000.0,334,25.783267709008214,0.07855254149944813,0.08926199394945797,0.3012646660008613,35.407827416000146,2.644367584000065,0,0.0,20,20,1.0231815394945443e-12,True,16.652553750000152
formal,q4_2,terminal_15,334,48096,15623134.832286313,301847.56977805536,1225008.840068472,0.07840992561473033,3397835.897210531,12735625.047678294,0.0,15623134.832286313,6000.0,6000.0,334,35.018397658006506,0.08533814600014011,0.21705001030059062,0.49924825000016426,48.43009162499948,1.6522069579987146,0,0.0,20,20,1.0231815394945443e-12,True,16.339327040999706
formal,q4_3,horizon_12,334,48096,16466509.63506528,461866.8726726363,2001969.1184544107,0.12157823138130232,3210827.4722715663,12654137.393379109,-65037.67787289484,17474381.766078003,6000.0,6000.0,1336,48.36444604900498,0.029179270499298582,0.0653496767499746,0.15627700000004552,63.32375720799973,5.3951892080003745,0,2.1032064978498966e-12,20,20,1.8189894035458565e-12,True,17.527284042000247
formal,q4_3,horizon_18,334,48096,16456111.781007325,461221.4443492632,2003296.7919175946,0.12173573068637525,3199461.0634246957,12624725.538096577,-76763.20539403398,16554938.401820209,6000.0,6000.0,1336,59.462161766970894,0.04201772899978096,0.05826745799959099,0.2683548750010232,75.4169729589994,5.341502041001149,0,2.1032064978498966e-12,20,20,1.8189894035458565e-12,True,20.236767166999925
formal,q4_3,horizon_24,334,48096,16455780.595434045,461100.4099214854,2002965.6063443157,0.12171805492472808,3199340.028996918,12624725.538096577,-76763.20539403398,16554607.216246929,6000.0,6000.0,1336,49.30965922797441,0.03531187500084343,0.05128666675000204,0.13690479199976835,61.86740637500043,4.932371917000637,0,3.637978807091713e-12,20,20,3.637978807091713e-12,True,15.166432207999605
validation,q2,count10_span10,24,3456,1422666.000694029,4756.22776527777,16950.935284674288,0.011914908542416136,320237.736076389,1067069.4433461805,0.0,1422666.000694029,6000.0,6000.0,24,1.0476047919983102,0.043708375000278465,0.048482826700092116,0.04969324999910896,1.5694101669996599,0.2655308339999465,0,0.0,6,10,1.0231815394945443e-12,True,1.2487280419991293
validation,q2,count10_span20,24,3456,1488283.4816432057,1504.8643958333291,5354.934084188881,0.003598060551123316,414083.36017500004,1082918.6087664175,0.0,1488283.4816432057,6000.0,6000.0,24,1.0227119569935894,0.04290931249943242,0.04668007235022742,0.04695749999882537,1.567905833999248,0.27396199999930104,0,0.0,6,10,1.0231815394945443e-12,True,1.2748872079991997
validation,q2,count40_span40,24,3456,1451179.1145173274,1539.0090791666626,5016.480437152766,0.003456830646864211,370604.54309444455,1078371.2948462325,0.0,1451179.1145173274,6000.0,6000.0,24,1.5220918749946577,0.06497435399978713,0.08636780889855798,0.08849083299901395,2.100360874999751,0.1765142919994105,0,0.0,6,29,1.0231815394945443e-12,True,0.7927651249992778
validation,q2,raw_history,24,3456,1525968.253583913,6618.367116666659,23090.147139708315,0.015131472811101039,455500.7997166668,1103250.420896502,0.0,1525968.253583913,6000.0,6000.0,24,1.6958774130016536,0.0787136044991712,0.08546630800001367,0.087258458001088,2.311526707999292,0.27971849999994447,0,0.0,7,20,9.094947017729282e-13,True,1.0542114170002606
validation,q2,reference,24,3456,1449696.009281915,1812.4770499999927,6154.4089549909495,0.004245309992982214,367524.93313055567,1077541.242110876,0.0,1449696.009281915,6000.0,6000.0,24,1.6058224529933796,0.0721633954990466,0.09045580179963508,0.09451791599894932,2.246777915999701,0.29355279199990036,0,0.0,6,20,1.0231815394945443e-12,True,1.3487585420007235
validation,q2,shuffle_20260913,24,3456,1447107.3205089327,1657.9934444444373,5630.417352796504,0.0038908084238122326,363545.80698194454,1073675.6801965125,0.0,1447107.3205089327,6000.0,6000.0,24,1.0621220410048409,0.047163521000584296,0.06241180620054364,0.06364374999975553,1.4679070839993074,0.17685145799987367,0,0.0,6,20,1.0231815394945443e-12,True,0.8263365409984544
validation,q2,shuffle_20260914,24,3456,1444890.9009207739,1716.797247222216,5771.735945594422,0.003994582526553607,359581.67498611123,1074130.0290515516,0.0,1444890.9009207739,6000.0,6000.0,24,1.1967754999968747,0.04635989599955792,0.0822408099013046,0.09284145799938415,1.6529756669988274,0.28921504100071616,0,0.0,6,20,1.0231815394945443e-12,True,1.0160584580007708
validation,q2,shuffle_20260915,24,3456,1445910.849513702,1882.5811402777708,6122.702341270811,0.004234495054332041,361696.8106458334,1074951.7985178365,0.0,1445910.849513702,6000.0,6000.0,24,1.6340405399987503,0.0755745835003836,0.08874329014925024,0.09731758300040383,2.294725499999913,0.28076374999909604,0,0.0,6,20,1.0231815394945443e-12,True,1.4995111669995822
validation,q2,shuffle_20260916,24,3456,1445402.8973395992,1666.4623611111024,5572.807477302056,0.003855539163204485,360196.6939625001,1074246.384040312,0.0,1445402.8973395992,6000.0,6000.0,24,1.7347760809952888,0.07524170849956135,0.09854630175041165,0.1014362500009156,2.4607486660006543,0.3580616250001185,0,0.0,6,20,1.0231815394945443e-12,True,1.8592082499999378
validation,q2,shuffle_20260917,24,3456,1447732.2477710787,1566.9882652777703,5381.843537859699,0.0037174301713217743,364414.17436527787,1074870.218405434,0.0,1447732.2477710787,6000.0,6000.0,24,1.849380915002257,0.06343970849957259,0.12739297319994872,0.34572674999981245,2.4819920840000123,0.34465795799951593,0,0.0,6,20,1.0231815394945443e-12,True,0.6509611670007871
validation,q2,terminal_0,24,3456,1451312.3265749048,1822.3934041666596,6176.537299313866,0.004255829145949918,367345.9914222222,1077541.242110876,0.0,1451312.3265749048,6000.0,6000.0,24,1.603212957004871,0.06940641700020933,0.08849660799996854,0.09090287500112026,2.2362206669986335,0.2893493329993362,0,0.0,6,20,1.0231815394945443e-12,True,1.2993700829993031
validation,q2,terminal_05,24,3456,1451416.9244523002,1812.477049999993,6154.4089549909495,0.004240276416311839,367478.7803097223,1077541.242110876,0.0,1451416.9244523002,6000.0,6000.0,24,1.5924443730018538,0.07119943750058155,0.08926363390019106,0.09047604100123863,2.2293266669985314,0.29984545899969817,0,0.0,6,20,1.0231815394945443e-12,True,1.3103758329998527
validation,q2,terminal_15,24,3456,1449696.009281915,1812.4770499999927,6154.4089549909495,0.004245309992982214,367524.93313055567,1077541.242110876,0.0,1449696.009281915,6000.0,6000.0,24,1.589114876007443,0.07069616650096577,0.09046015449885089,0.09634237499994924,2.2214855420006643,0.29134937500020897,0,0.0,6,20,1.0231815394945443e-12,True,1.2313392079995538
validation,q3,horizon_12,24,3456,1478568.4062636509,10493.75457759036,45797.38993222412,0.03097414346080499,345270.04926454363,1067190.1264327005,2254.4215189999713,1528794.4892070356,6000.0,6000.0,96,2.595006753988855,0.025234187500245753,0.05269235449941334,0.06466999999975087,3.3765942080008244,0.3504926669993438,0,2.3874235921539366e-12,6,20,1.0231815394945443e-12,True,1.1763916669988248
validation,q3,horizon_18,24,3456,1475947.1522057634,10589.02043862911,46379.03186358295,0.031423233409320066,342601.0687812444,1063405.4465142984,-948.4744702462876,1480734.0720243938,6000.0,6000.0,96,4.754312961000323,0.04561781249958585,0.07677415650050534,0.38247291700099595,5.934909833000347,0.5361437920000753,0,2.3874235921539366e-12,6,20,1.0231815394945443e-12,True,1.218356749999657
validation,q3,horizon_24,24,3456,1476066.2965977625,10590.908699740221,46386.144943188505,0.03142551594742429,342677.02909096656,1063414.203394854,-836.4431578527474,1481179.3625014948,6000.0,6000.0,96,2.762648501991862,0.02938160399935441,0.039710417249807506,0.05446062500050175,3.4513718750004045,0.291586917001041,0,2.3874235921539366e-12,6,20,1.0231815394945443e-12,True,0.628475375000562
validation,q4_2,count10_span10,24,3456,1614673.0416913328,4895.967620833322,20435.107770026363,0.012655879699719924,324500.92035972234,1089825.651556258,0.0,1614673.0416913328,6000.0,6000.0,24,1.1663474169999972,0.04399431250021735,0.04970352235086466,0.17391941599998972,1.8036463749995164,0.2963575830017362,0,0.0,6,10,1.0231815394945443e-12,True,1.2725631249995786
validation,q4_2,count10_span20,24,3456,1685751.2931890888,1574.6313097222173,6184.734479633324,0.0036688297405562714,422016.3508694102,1103776.6747311899,0.0,1685751.2931890888,6000.0,6000.0,24,1.0388573779946455,0.04428660450048483,0.04733983489923048,0.04837950000001001,1.5922558750007738,0.2815800409989606,0,0.0,6,10,9.663381206337363e-13,True,1.2952643329990678
validation,q4_2,count40_span40,24,3456,1663985.1998721827,777.7195458333298,2903.9508387340147,0.0017451782858147289,404073.86600972235,1103331.508545799,0.0,1663985.1998721827,6000.0,6000.0,24,1.106389290000152,0.04498039599911863,0.07232774640006026,0.08068841599924781,1.5153489589993114,0.1880692499998986,0,0.0,6,29,9.094947017729282e-13,True,0.8288481249983306
validation,q4_2,raw_history,24,3456,1672116.329850852,6473.715333333328,27536.197593999983,0.016467871943129778,458220.39615000004,1077491.1265382716,0.0,1672116.329850852,6000.0,6000.0,24,1.63430391399379,0.07171216650021961,0.08857680180071838,0.08970316699924297,2.233905749999394,0.3062680419989192,0,0.0,7,20,9.663381206337363e-13,True,1.1679609170005278
validation,q4_2,reference,24,3456,1657505.3768604607,1395.379311111105,5573.76209163956,0.0033627414845537446,395059.48659027787,1102925.5128460047,0.0,1657505.3768604607,6000.0,6000.0,24,1.8171225380065152,0.06456510399948456,0.10301753295043452,0.32019975000002887,2.516277500000797,0.3095895830010704,0,0.0,6,20,1.0231815394945443e-12,True,1.3045216250011435
validation,q4_2,shuffle_20260913,24,3456,1626396.1160699977,1977.471604166659,7524.534671969417,0.004626508018324345,353801.6657166667,1098303.1854993142,0.0,1626396.1160699977,6000.0,6000.0,24,1.1911025830013386,0.045264145999681205,0.08988251249911622,0.0948482090007019,1.6339014589993894,0.2271735409995017,0,1.1368683772161603e-13,6,20,1.0231815394945443e-12,True,0.8720512090003467
validation,q4_2,shuffle_20260914,24,3456,1625618.920895086,2014.4424986111032,7928.575685227747,0.004877265872903457,354078.98055138893,1097269.875015192,0.0,1625618.920895086,6000.0,6000.0,24,1.1258599139946455,0.052305479000096966,0.06256173124929773,0.06389595799919334,1.5479827909985033,0.18152658299914037,0,0.0,6,20,1.0231815394945443e-12,True,0.853436542000054
validation,q4_2,shuffle_20260915,24,3456,1621035.1221847513,2246.2277291666605,8771.978736973593,0.005411344033774637,346319.3809446846,1096675.851164849,0.0,1621035.1221847513,6000.0,6000.0,24,1.6527069570001913,0.07341935449949233,0.09448897049960578,0.09831354199923226,2.294165459001306,0.279061625000395,0,0.0,6,20,1.0231815394945443e-12,True,1.5024001250003494
validation,q4_2,shuffle_20260916,24,3456,1624682.6837830003,2171.859984722215,8263.155860122894,0.005086012144157595,349376.79258055566,1097524.8448615866,0.0,1624682.6837830003,6000.0,6000.0,24,1.4570501249982044,0.060427895999964676,0.07892325454949968,0.08456745900002716,2.036525708001136,0.2067577910002001,0,0.0,6,20,1.0231815394945443e-12,True,1.2372524999991583
validation,q4_2,shuffle_20260917,24,3456,1625266.4780210857,2115.828302777769,7659.96369826455,0.0047130509377091645,349706.8642291667,1097894.0932625686,0.0,1625266.4780210857,6000.0,6000.0,24,1.2071127880062704,0.03559904150006332,0.11167586610145003,0.25170266600071045,1.5826327499999024,0.14860570899872982,0,0.0,6,20,1.0231815394945443e-12,True,0.6643965830007801
validation,q4_2,terminal_0,24,3456,1663304.8780699908,1395.3793111111036,5573.762091639557,0.0033510165004187625,395064.6249236112,1122378.4518291154,0.0,1663304.8780699908,6000.0,6000.0,24,1.6166085429977102,0.06998185449992889,0.08833080180038451,0.09157041599974036,2.2864140830006363,0.2798598339995806,0,0.0,6,20,1.0231815394945443e-12,True,1.3279749159992207
validation,q4_2,terminal_05,24,3456,1658125.093985158,1395.379311111105,5573.76209163956,0.0033614846743821435,395059.48659027787,1103156.2347936383,0.0,1658125.093985158,6000.0,6000.0,24,1.9987880030002998,0.07553039599952172,0.10538416874987888,0.35741204200166976,2.815110249999634,0.2967386250002164,0,0.0,6,20,1.0231815394945443e-12,True,1.3486294579997775
validation,q4_2,terminal_15,24,3456,1657505.3768604607,1395.379311111105,5573.76209163956,0.0033627414845537446,395059.48659027787,1102925.5128460047,0.0,1657505.3768604607,6000.0,6000.0,24,1.5507047940009215,0.06751818749944505,0.08910766434937613,0.09394104199964204,2.1916020839998964,0.28491795800073305,0,0.0,6,20,1.0231815394945443e-12,True,1.2815775840008428
validation,q4_3,horizon_12,24,3456,1686203.4410856925,9262.148033742109,48112.39817699909,0.028532973545600797,367317.3222268072,1086159.7737630652,2122.3750539806315,1733790.9391381405,6000.0,6000.0,96,2.5899753749890806,0.025112083499152504,0.0510750729999927,0.054082542001197,3.378863084000841,0.3514506249994156,0,2.0463630789890885e-12,6,20,9.094947017729282e-13,True,0.8669228329999896
validation,q4_3,horizon_18,24,3456,1682368.7835266925,9230.667995007187,47782.058806321074,0.028401655614506333,365497.4358451996,1082717.7144485218,-1381.9431343414408,1687893.5202228318,6000.0,6000.0,96,4.227232086002914,0.0382056045009449,0.07415801024944813,0.09416941700146708,5.360154791000241,0.38901591600006213,0,2.0463630789890885e-12,6,20,9.094947017729282e-13,True,0.8952258330009499
validation,q4_3,horizon_24,24,3456,1682368.7835266925,9230.667995007187,47782.058806321074,0.028401655614506333,365497.4358451996,1082717.7144485218,-1381.9431343414408,1687893.5202228318,6000.0,6000.0,96,4.46536758900038,0.05068245799975557,0.08081300024969096,0.2879880830005277,5.616001666998272,0.46495162500104925,0,2.0463630789890885e-12,6,20,9.094947017729282e-13,True,1.0390339590012445
